episode,steps,return_train,return_plot,actual_score,avg_train_100,avg_plot_100,avg_score_100,max_plot,ecoef,coef_dis,play_ratio
100,763,127.78666666666666,150.0,150.0,162.6116,149.97,151.0,307.0,0.05,0.3,0.8333333333333334
200,1522,254.28,125.0,125.0,132.1644,148.97,149.65,577.0,0.05,0.3,0.7142857142857143
300,2291,83.97333333333333,162.0,162.0,127.45400000000001,146.07,146.96,577.0,0.05,0.3,0.7142857142857143
400,3053,154.2266666666667,77.0,77.0,127.8396,137.27,138.11,577.0,0.05,0.3,0.625
500,3837,52.839999999999996,101.0,101.0,115.22693333333332,133.72,134.55,577.0,0.05,0.3,0.625
600,4618,182.94666666666663,137.0,137.0,115.00853333333333,143.54,144.6,577.0,0.04983673469387755,0.3208333333333333,0.625
700,5376,141.30666666666667,118.0,118.0,163.06386666666666,145.59,146.51,577.0,0.04983673469387755,0.3208333333333333,0.7142857142857143
800,6139,12.253333333333316,109.0,109.0,132.58373333333336,142.96,143.81,586.0,0.04983673469387755,0.3208333333333333,0.625
900,6894,93.26666666666667,173.0,175.0,134.5050666666667,148.52,149.36,586.0,0.04983673469387755,0.3208333333333333,0.625
1000,7660,124.45333333333333,120.0,120.0,146.646,142.63,143.63,586.0,0.04983673469387755,0.3208333333333333,0.8333333333333334
1100,8436,57.613333333333344,103.0,104.0,162.21506666666667,156.61,157.6,586.0,0.049673469387755104,0.3416666666666667,0.625
1200,9195,28.053333333333356,86.0,86.0,129.95080000000002,143.73,144.52,586.0,0.049673469387755104,0.3416666666666667,0.625
1300,9960,53.32000000000001,141.0,141.0,118.03893333333333,143.82,144.87,586.0,0.049673469387755104,0.3416666666666667,0.7142857142857143
1400,10719,49.55999999999999,221.0,223.0,127.14293333333332,152.38,153.32,586.0,0.049673469387755104,0.3416666666666667,0.625
1500,11475,121.06666666666666,150.0,152.0,137.7984,142.94,143.96,586.0,0.049673469387755104,0.3416666666666667,0.625
1600,12237,189.01333333333332,142.0,144.0,131.7676,144.51,145.35,586.0,0.049673469387755104,0.3416666666666667,0.8333333333333334
1700,13010,76.74666666666667,104.0,104.0,145.42213333333333,144.52,145.22,586.0,0.049510204081632654,0.3625,0.8333333333333334
1800,13776,67.49333333333334,168.0,170.0,132.66613333333333,143.1,143.95,586.0,0.049510204081632654,0.3625,0.625
1900,14547,18.13333333333332,76.0,76.0,139.43213333333333,149.15,150.08,586.0,0.049510204081632654,0.3625,0.7142857142857143
2000,15308,-15.026666666666685,165.0,166.0,164.6129333333333,148.03,148.84,586.0,0.049510204081632654,0.3625,0.625
2100,16068,210.73333333333332,135.0,135.0,142.77306666666672,159.4,160.4,641.0,0.049510204081632654,0.3625,0.625
2200,16815,308.36,149.0,150.0,125.72333333333334,136.87,137.9,641.0,0.049346938775510205,0.3833333333333333,0.625
2300,17572,286.7733333333333,154.0,155.0,150.8072,157.14,158.39,641.0,0.049346938775510205,0.3833333333333333,0.625
2400,18337,63.453333333333326,73.0,73.0,128.1248,157.44,158.39,641.0,0.049346938775510205,0.3833333333333333,0.625
2500,19081,336.37333333333333,152.0,152.0,153.74706666666665,150.89,151.96,641.0,0.049346938775510205,0.3833333333333333,0.625
2600,19830,235.50666666666666,219.0,219.0,155.12599999999998,159.27,160.27,641.0,0.049346938775510205,0.3833333333333333,0.8333333333333334
2700,20596,188.49333333333334,191.0,191.0,143.88840000000002,155.97,157.1,641.0,0.049183673469387755,0.4041666666666667,0.625
2800,21332,288.17333333333335,197.0,198.0,133.78320000000002,148.92,150.04,641.0,0.049183673469387755,0.4041666666666667,0.7142857142857143
2900,22089,10.439999999999998,99.0,100.0,159.4522666666667,151.14,152.13,641.0,0.049183673469387755,0.4041666666666667,0.625
3000,22833,228.45333333333335,144.0,147.0,148.79506666666666,145.63,146.85,641.0,0.049183673469387755,0.4041666666666667,0.625
3100,23576,234.38666666666668,157.0,158.0,182.68426666666667,166.0,167.25,641.0,0.049183673469387755,0.4041666666666667,0.625
3200,24328,-48.866666666666674,77.0,77.0,164.20413333333335,155.25,156.64,641.0,0.049183673469387755,0.4041666666666667,0.625
3300,25083,89.01333333333332,134.0,134.0,146.51106666666666,155.61,157.17,641.0,0.049020408163265305,0.425,0.625
3400,25830,-1.6266666666666652,184.0,186.0,155.26453333333333,172.02,173.72,641.0,0.049020408163265305,0.425,0.8333333333333334
3500,26569,126.21333333333332,242.0,245.0,156.16466666666665,166.25,167.66,641.0,0.049020408163265305,0.425,0.7142857142857143
3600,27323,247.36,144.0,146.0,166.81373333333332,151.09,152.6,641.0,0.049020408163265305,0.425,0.625
3700,28070,63.90666666666666,121.0,121.0,167.66306666666662,171.65,173.18,641.0,0.049020408163265305,0.425,0.625
3800,28810,78.26666666666668,138.0,138.0,177.66653333333335,158.73,160.21,641.0,0.04885714285714286,0.4458333333333333,0.625
3900,29524,192.0,192.0,193.0,174.56906666666666,180.0,182.09,649.0,0.04885714285714286,0.4458333333333333,1.0
4000,30230,336.52,255.0,257.0,167.5050666666667,171.82,173.92,649.0,0.04885714285714286,0.4458333333333333,0.625
4100,30960,292.09333333333336,183.0,183.0,149.58773333333338,174.02,175.6,649.0,0.04885714285714286,0.4458333333333333,0.7142857142857143
4200,31684,167.82666666666665,121.0,124.0,158.38186666666667,169.62,171.58,649.0,0.04885714285714286,0.4458333333333333,0.625
4300,32394,228.28,95.0,99.0,166.8564,161.53,163.44,649.0,0.04885714285714286,0.4458333333333333,0.7142857142857143
4400,33127,331.9866666666667,237.0,241.0,164.03213333333338,170.79,172.85,649.0,0.04869387755102041,0.4666666666666667,0.625
4500,33836,278.96000000000004,150.0,152.0,190.39653333333337,177.66,179.66,649.0,0.04869387755102041,0.4666666666666667,0.625
4600,34548,270.76,129.0,132.0,174.11493333333328,172.64,174.58,649.0,0.04869387755102041,0.4666666666666667,0.625
4700,35249,150.51999999999998,195.0,198.0,172.87453333333332,173.89,175.91,649.0,0.04869387755102041,0.4666666666666667,0.625
4800,35960,-34.93333333333332,108.0,108.0,135.66613333333333,169.36,171.27,649.0,0.04869387755102041,0.4666666666666667,0.625
4900,36673,64.10666666666668,120.0,121.0,160.66533333333334,162.26,164.22,649.0,0.04869387755102041,0.4666666666666667,0.625
5000,37397,182.04,143.0,143.0,195.22706666666662,181.15,183.7,691.0,0.048530612244897964,0.4875,0.8333333333333334
5100,38116,115.75999999999999,76.0,76.0,199.05213333333333,181.51,183.9,764.0,0.048530612244897964,0.4875,0.625
5200,38839,58.66666666666667,216.0,222.0,221.7408,191.0,193.53,764.0,0.048530612244897964,0.4875,0.625
5300,39557,379.53333333333336,389.0,390.0,174.8673333333333,176.93,179.3,764.0,0.048530612244897964,0.4875,0.7142857142857143
5400,40270,248.2266666666667,97.0,100.0,169.2392,175.8,178.15,764.0,0.048530612244897964,0.4875,0.625
5500,40980,106.16,208.0,211.0,189.21733333333333,188.58,191.12,764.0,0.048367346938775514,0.5083333333333333,0.625
5600,41688,179.86666666666667,114.0,114.0,169.85826666666668,176.97,179.39,764.0,0.048367346938775514,0.5083333333333333,0.8333333333333334
5700,42414,-70.22666666666669,165.0,166.0,185.5170666666667,183.38,185.87,764.0,0.048367346938775514,0.5083333333333333,0.625
5800,43151,205.41333333333336,104.0,105.0,192.8738666666667,185.76,188.28,764.0,0.048367346938775514,0.5083333333333333,0.7142857142857143
5900,43880,-109.32,139.0,141.0,169.96146666666667,181.07,183.59,764.0,0.048367346938775514,0.5083333333333333,0.625
6000,44622,162.05333333333334,144.0,146.0,197.3390666666666,192.79,195.51,764.0,0.048367346938775514,0.5083333333333333,0.625
6100,45347,139.57333333333332,168.0,170.0,161.76253333333332,189.81,192.17,764.0,0.048204081632653065,0.5291666666666667,0.625
6200,46076,93.12,72.0,73.0,197.4016,187.34,189.85,764.0,0.048204081632653065,0.5291666666666667,0.625
6300,46812,116.34666666666665,156.0,158.0,189.9218666666667,180.24,183.15,764.0,0.048204081632653065,0.5291666666666667,0.625
6400,47543,215.4,173.0,175.0,191.5736,187.66,190.28,764.0,0.048204081632653065,0.5291666666666667,0.625
6500,48271,155.88,143.0,147.0,184.3954666666667,185.38,188.18,764.0,0.048204081632653065,0.5291666666666667,0.8333333333333334
6600,49012,233.53333333333333,85.0,88.0,185.5689333333333,185.23,187.92,764.0,0.048204081632653065,0.5291666666666667,0.625
6700,49732,98.0,98.0,101.0,190.01760000000002,186.16,189.16,764.0,0.048040816326530615,0.55,1.0
6800,50413,-77.82666666666668,159.0,165.0,179.776,183.36,186.2,764.0,0.048040816326530615,0.55,0.625
6900,51099,365.2133333333333,499.0,503.0,200.53133333333335,187.23,190.54,764.0,0.048040816326530615,0.55,0.625
7000,51788,130.52,161.0,162.0,195.86919999999995,181.01,183.97,764.0,0.048040816326530615,0.55,0.8333333333333334
7100,52483,313.14666666666665,182.0,183.0,193.68720000000002,185.66,188.53,764.0,0.048040816326530615,0.55,0.625
7200,53182,277.06666666666666,180.0,183.0,190.64626666666666,184.53,187.45,764.0,0.048040816326530615,0.55,0.8333333333333334
7300,53894,1.5200000000000315,72.0,75.0,201.46546666666666,188.41,191.63,764.0,0.047877551020408166,0.5708333333333333,0.625
7400,54579,328.05333333333334,302.0,304.0,209.97546666666668,199.04,202.07,764.0,0.047877551020408166,0.5708333333333333,0.8333333333333334
7500,55273,204.09333333333333,183.0,185.0,191.72773333333333,198.7,202.06,764.0,0.047877551020408166,0.5708333333333333,0.8333333333333334
7600,55952,253.61333333333334,275.0,280.0,211.85813333333334,202.0,205.52,764.0,0.047877551020408166,0.5708333333333333,0.8333333333333334
7700,56637,432.8266666666667,160.0,162.0,174.92733333333334,179.97,183.24,764.0,0.047877551020408166,0.5708333333333333,0.625
7800,57314,204.0,204.0,209.0,186.14599999999996,182.07,184.94,764.0,0.047877551020408166,0.5708333333333333,1.0
7900,58003,437.70666666666665,396.0,396.0,218.45719999999997,195.85,198.81,927.0,0.047714285714285716,0.5916666666666667,0.625
8000,58698,149.0,149.0,155.0,195.90853333333337,189.86,193.07,927.0,0.047714285714285716,0.5916666666666667,1.0
8100,59392,312.40000000000003,312.0,315.0,210.6216,188.3,191.93,927.0,0.047714285714285716,0.5916666666666667,0.625
8200,60072,319.49333333333334,248.0,251.0,178.90013333333332,183.59,187.04,927.0,0.047714285714285716,0.5916666666666667,0.8333333333333334
8300,60752,-25.959999999999994,71.0,77.0,216.22813333333332,204.27,207.04,927.0,0.047714285714285716,0.5916666666666667,0.625
8400,61456,288.16,196.0,198.0,218.50093333333334,204.29,207.83,927.0,0.047551020408163266,0.6125,0.625
8500,62172,168.84,153.0,154.0,217.47626666666667,194.54,198.29,927.0,0.047551020408163266,0.6125,0.8333333333333334
8600,62893,390.7733333333333,352.0,354.0,225.44386666666668,183.69,187.73,927.0,0.047551020408163266,0.6125,0.625
8700,63608,396.3466666666667,308.0,316.0,231.3516,212.59,216.16,927.0,0.047551020408163266,0.6125,0.625
8800,64324,191.0,191.0,196.0,220.74426666666668,208.42,212.16,927.0,0.047551020408163266,0.6125,1.0
8900,65031,462.9866666666667,370.0,372.0,198.93986666666672,185.87,189.59,927.0,0.047551020408163266,0.6125,0.7142857142857143
9000,65760,284.7066666666667,189.0,191.0,224.5066666666666,183.94,187.46,927.0,0.04738775510204082,0.6333333333333333,0.7142857142857143
9100,66480,16.45333333333336,184.0,187.0,218.49733333333333,199.04,202.82,927.0,0.04738775510204082,0.6333333333333333,0.625
9200,67194,155.6533333333333,106.0,109.0,221.06786666666665,202.81,206.73,927.0,0.04738775510204082,0.6333333333333333,0.625
9300,67902,73.45333333333332,165.0,168.0,205.4256,204.68,208.41,927.0,0.04738775510204082,0.6333333333333333,0.625
9400,68629,373.09333333333336,160.0,162.0,217.17373333333336,192.23,195.94,927.0,0.04738775510204082,0.6333333333333333,0.625
9500,69362,211.65333333333334,192.0,194.0,217.18039999999996,202.19,205.84,927.0,0.04738775510204082,0.6333333333333333,0.625
9600,70042,252.28,209.0,215.0,204.96186666666668,203.74,207.77,927.0,0.04722448979591837,0.6541666666666667,0.8333333333333334
9700,70752,433.3333333333333,342.0,348.0,206.95946666666666,210.82,215.07,927.0,0.04722448979591837,0.6541666666666667,0.8333333333333334
9800,71457,213.0533333333333,115.0,118.0,214.97480000000004,198.23,202.23,927.0,0.04722448979591837,0.6541666666666667,0.7142857142857143
9900,72153,348.90666666666664,206.0,214.0,207.43880000000001,200.69,204.56,927.0,0.04722448979591837,0.6541666666666667,0.625
10000,72833,-5.560000000000002,135.0,139.0,205.23519999999996,201.02,204.86,927.0,0.04722448979591837,0.6541666666666667,0.8333333333333334
10100,73530,358.1066666666667,292.0,295.0,220.04693333333333,191.86,195.68,927.0,0.04722448979591837,0.6541666666666667,0.7142857142857143
10200,74222,275.0,275.0,279.0,228.10013333333333,194.43,198.83,927.0,0.04706122448979592,0.675,1.0
10300,74912,-28.72,116.0,120.0,221.27999999999997,200.56,204.62,927.0,0.04706122448979592,0.675,0.7142857142857143
10400,75599,158.8,150.0,158.0,215.43786666666668,204.7,208.82,927.0,0.04706122448979592,0.675,0.8333333333333334
10500,76300,90.47999999999999,210.0,214.0,214.57653333333332,202.82,207.64,927.0,0.04706122448979592,0.675,0.625
10600,77013,110.73333333333332,175.0,176.0,239.8670666666667,197.49,201.91,927.0,0.04706122448979592,0.675,0.625
10700,77717,299.56,291.0,296.0,214.29240000000001,204.91,209.35,927.0,0.04706122448979592,0.675,0.8333333333333334
10800,78436,188.25333333333333,337.0,342.0,257.71719999999993,232.87,237.36,927.0,0.046897959183673475,0.6958333333333333,0.8333333333333334
10900,79161,-95.41333333333336,200.0,207.0,235.56879999999998,205.48,210.51,927.0,0.046897959183673475,0.6958333333333333,0.625
11000,79879,371.62666666666667,254.0,256.0,228.7168,203.46,208.21,927.0,0.046897959183673475,0.6958333333333333,0.625
11100,80612,295.7733333333333,129.0,135.0,227.14000000000004,208.4,213.03,927.0,0.046897959183673475,0.6958333333333333,0.625
11200,81348,234.46666666666667,153.0,154.0,236.58786666666666,210.71,215.34,927.0,0.046897959183673475,0.6958333333333333,0.7142857142857143
11300,82084,209.64000000000001,135.0,136.0,269.61640000000006,230.89,235.46,927.0,0.046734693877551026,0.7166666666666667,0.7142857142857143
11400,82821,96.57333333333332,157.0,161.0,248.79640000000003,214.13,218.78,1179.0,0.046734693877551026,0.7166666666666667,0.625
11500,83576,120.42666666666666,192.0,199.0,248.3561333333333,216.21,220.95,1179.0,0.046734693877551026,0.7166666666666667,0.625
11600,84317,261.96000000000004,201.0,206.0,240.12293333333332,219.22,224.36,1179.0,0.046734693877551026,0.7166666666666667,0.625
11700,85061,279.49333333333334,250.0,255.0,253.94933333333339,208.52,213.22,1179.0,0.046734693877551026,0.7166666666666667,0.625
11800,85807,342.24,196.0,202.0,223.73213333333337,214.23,218.94,1179.0,0.046734693877551026,0.7166666666666667,0.7142857142857143
11900,86555,353.81333333333333,226.0,231.0,236.25533333333334,202.93,207.94,1179.0,0.046571428571428576,0.7375,0.7142857142857143
12000,87298,312.50666666666666,184.0,187.0,286.6161333333334,235.01,240.15,1179.0,0.046571428571428576,0.7375,0.625
12100,88039,160.21333333333334,158.0,163.0,276.57773333333336,231.43,236.57,1179.0,0.046571428571428576,0.7375,0.7142857142857143
12200,88772,119.69333333333333,157.0,162.0,235.74759999999998,213.19,218.12,1179.0,0.046571428571428576,0.7375,0.625
12300,89503,438.1333333333333,386.0,387.0,261.04200000000003,225.37,230.16,1179.0,0.046571428571428576,0.7375,0.7142857142857143
12400,90260,182.0,182.0,186.0,266.5232,214.58,219.76,1179.0,0.04640816326530613,0.7583333333333333,1.0
12500,91007,399.4,285.0,290.0,266.70346666666666,226.74,231.76,1179.0,0.04640816326530613,0.7583333333333333,0.625
12600,91749,109.0,109.0,112.0,278.4877333333333,231.96,237.18,1179.0,0.04640816326530613,0.7583333333333333,1.0
12700,92504,284.9466666666667,141.0,150.0,279.84680000000003,230.61,235.51,1179.0,0.04640816326530613,0.7583333333333333,0.625
12800,93265,103.36,120.0,125.0,248.3302666666667,222.39,227.42,1179.0,0.04640816326530613,0.7583333333333333,0.625
12900,94000,368.38666666666666,317.0,319.0,276.04240000000004,226.06,230.91,1179.0,0.04640816326530613,0.7583333333333333,0.8333333333333334
13000,94756,-54.42666666666669,112.0,117.0,248.40560000000002,216.7,221.43,1468.0,0.04624489795918368,0.7791666666666667,0.625
13100,95500,365.3466666666667,137.0,147.0,255.52653333333336,225.73,231.18,1468.0,0.04624489795918368,0.7791666666666667,0.625
13200,96242,516.2,287.0,295.0,259.3325333333333,229.32,234.58,1468.0,0.04624489795918368,0.7791666666666667,0.625
13300,96995,521.2933333333334,319.0,325.0,256.13106666666675,224.43,229.8,1468.0,0.04624489795918368,0.7791666666666667,0.625
13400,97744,313.9866666666667,189.0,195.0,256.42213333333336,226.64,232.12,1468.0,0.04624489795918368,0.7791666666666667,0.625
13500,98490,436.24,500.0,503.0,281.79533333333336,230.07,235.61,1468.0,0.04608163265306123,0.8,0.6666666666666666
13600,99245,270.92,189.0,190.0,273.86813333333333,249.13,254.98,1468.0,0.04608163265306123,0.8,0.7142857142857143
13700,100002,-111.28000000000003,238.0,244.0,274.19426666666664,233.15,238.81,1468.0,0.04608163265306123,0.8,0.625
13800,100739,-234.01333333333338,103.0,114.0,267.5816,225.92,231.95,1468.0,0.04608163265306123,0.8,0.625
13900,101490,315.0133333333333,174.0,178.0,278.5765333333333,232.98,238.57,1468.0,0.04608163265306123,0.8,0.625
14000,102218,5.159999999999968,159.0,167.0,254.69400000000002,216.09,221.77,1468.0,0.04608163265306123,0.8,0.625
14100,102980,232.20000000000002,111.0,113.0,277.1940000000001,229.21,235.15,1468.0,0.04591836734693878,0.8,0.625
14200,103740,404.3466666666667,216.0,223.0,274.8973333333334,232.26,237.72,1468.0,0.04591836734693878,0.8,0.625
14300,104504,435.12000000000006,300.0,310.0,265.2768,225.98,231.16,1468.0,0.04591836734693878,0.8,0.625
14400,105277,396.7066666666667,237.0,239.0,280.69333333333327,240.2,246.04,1468.0,0.04591836734693878,0.8,0.625
14500,106040,473.8266666666667,215.0,218.0,281.61426666666665,219.33,224.93,1468.0,0.04591836734693878,0.8,0.625
14600,106812,343.49333333333334,188.0,197.0,333.3414666666667,260.51,266.04,1468.0,0.04575510204081633,0.8,0.625
14700,107592,409.28000000000003,182.0,188.0,276.3492,226.21,231.91,1468.0,0.04575510204081633,0.8,0.625
14800,108375,377.73333333333335,322.0,329.0,285.6989333333333,237.14,242.88,1468.0,0.04575510204081633,0.8,0.625
14900,109162,330.66666666666663,114.0,118.0,298.7984,235.26,241.41,1468.0,0.04575510204081633,0.8,0.625
15000,109940,581.0799999999999,475.0,481.0,311.2676,237.91,243.44,1468.0,0.04575510204081633,0.8,0.625
15100,110727,106.83999999999999,161.0,167.0,332.86159999999995,250.18,255.81,1468.0,0.04559183673469388,0.8,0.625
15200,111519,557.3066666666666,364.0,370.0,293.79946666666666,241.26,246.78,1468.0,0.04559183673469388,0.8,0.625
15300,112315,472.1066666666667,434.0,439.0,317.11426666666665,256.17,261.83,1468.0,0.04559183673469388,0.8,0.625
15400,113106,92.72000000000003,72.0,76.0,312.978,237.77,243.29,1468.0,0.04559183673469388,0.8,0.625
15500,113900,117.74666666666666,151.0,158.0,303.2598666666667,237.29,242.67,1468.0,0.04559183673469388,0.8,0.625
15600,114700,88.26666666666667,246.0,251.0,282.5824,225.16,230.55,1468.0,0.04542857142857143,0.8,0.625
15700,115496,471.74666666666667,205.0,208.0,305.4549333333334,242.12,247.98,1468.0,0.04542857142857143,0.8,0.625
15800,116292,473.4266666666667,193.0,200.0,294.24586666666664,225.44,231.01,1468.0,0.04542857142857143,0.8,0.625
15900,117085,109.51999999999998,172.0,174.0,323.0817333333333,261.15,266.51,1468.0,0.04542857142857143,0.8,0.625
16000,117883,230.37333333333333,176.0,181.0,318.8424,273.52,279.12,1468.0,0.04542857142857143,0.8,0.625
16100,118680,204.08000000000004,228.0,236.0,317.13213333333334,248.87,254.74,1468.0,0.04542857142857143,0.8,0.625
16200,119480,586.2533333333333,441.0,447.0,304.4858666666667,239.58,244.79,1468.0,0.04526530612244898,0.8,0.625
16300,120278,285.96000000000004,279.0,291.0,334.12786666666665,243.55,248.81,1468.0,0.04526530612244898,0.8,0.625
16400,121078,868.9733333333334,713.0,720.0,335.5029333333334,247.88,253.35,1468.0,0.04526530612244898,0.8,0.625
16500,121874,363.84000000000003,262.0,268.0,326.9510666666667,242.29,248.25,1468.0,0.04526530612244898,0.8,0.625
16600,122672,266.08,152.0,158.0,302.8346666666667,238.32,244.15,1468.0,0.04526530612244898,0.8,0.625
16700,123469,465.5733333333334,334.0,340.0,324.4456,263.4,268.64,1468.0,0.04510204081632653,0.8,0.625
16800,124267,160.93333333333334,268.0,278.0,279.8170666666667,233.32,239.52,1468.0,0.04510204081632653,0.8,0.625
16900,125063,276.6933333333333,256.0,259.0,336.48440000000005,258.79,264.33,1468.0,0.04510204081632653,0.8,0.625
17000,125857,159.02666666666667,211.0,214.0,347.89920000000006,258.52,264.37,1468.0,0.04510204081632653,0.8,0.625
17100,126648,372.32000000000005,286.0,290.0,310.454,243.69,249.43,1468.0,0.04510204081632653,0.8,0.625
17200,127445,245.45333333333332,281.0,287.0,310.0096,250.74,256.21,1468.0,0.04493877551020409,0.8,0.625
17300,128243,387.21333333333337,155.0,164.0,319.5152,250.0,255.71,1468.0,0.04493877551020409,0.8,0.625
17400,129039,494.50666666666666,242.0,245.0,360.03159999999997,257.47,263.05,1468.0,0.04493877551020409,0.8,0.625
17500,129832,306.56,68.0,77.0,340.3885333333333,238.88,244.68,1468.0,0.04493877551020409,0.8,0.625
17600,130628,225.74666666666667,153.0,160.0,345.57400000000007,257.59,264.05,1468.0,0.04493877551020409,0.8,0.625
17700,131423,446.0266666666667,202.0,205.0,339.93080000000003,246.19,252.12,1468.0,0.04477551020408163,0.8,0.625
17800,132220,502.74666666666667,378.0,381.0,339.6756,255.63,261.83,1468.0,0.04477551020408163,0.8,0.625
17900,133015,233.4666666666667,216.0,224.0,344.02746666666667,268.22,274.8,1468.0,0.04477551020408163,0.8,0.5
18000,133813,415.94666666666666,304.0,312.0,362.7418666666665,269.5,275.96,1468.0,0.04477551020408163,0.8,0.625
18100,134613,418.84000000000003,193.0,198.0,321.5912,261.64,268.03,1468.0,0.04477551020408163,0.8,0.625
18200,135403,375.92,228.0,232.0,335.9644,242.39,248.67,1468.0,0.04461224489795919,0.8,0.625
18300,136196,378.16,300.0,304.0,338.0618666666667,254.66,261.2,1468.0,0.04461224489795919,0.8,0.625
18400,136990,344.49333333333334,181.0,189.0,334.87840000000006,251.82,257.76,1468.0,0.04461224489795919,0.8,0.625
18500,137790,444.21333333333337,370.0,375.0,353.9105333333333,264.93,271.21,1468.0,0.04461224489795919,0.8,0.625
18600,138588,197.07999999999998,149.0,156.0,375.57973333333337,267.58,274.07,1468.0,0.04461224489795919,0.8,0.625
18700,139383,101.81333333333335,162.0,166.0,354.9305333333333,258.57,265.09,1468.0,0.04444897959183674,0.8,0.625
18800,140177,536.5333333333333,302.0,307.0,376.32026666666667,274.06,280.7,1468.0,0.04444897959183674,0.8,0.625
18900,140972,32.2533333333333,161.0,166.0,347.3373333333332,269.64,276.28,1468.0,0.04444897959183674,0.8,0.625
19000,141768,20.426666666666648,180.0,187.0,331.0990666666667,247.65,254.12,1468.0,0.04444897959183674,0.8,0.625
19100,142565,565.2533333333333,648.0,659.0,326.4868,247.77,254.26,1468.0,0.04444897959183674,0.8,0.625
19200,143361,176.66666666666669,180.0,184.0,338.04066666666665,252.29,258.21,1468.0,0.04428571428571429,0.8,0.625
19300,144155,313.76,154.0,157.0,386.9913333333334,275.07,281.57,1468.0,0.04428571428571429,0.8,0.625
19400,144951,288.62666666666667,223.0,227.0,351.3713333333334,250.63,257.04,1468.0,0.04428571428571429,0.8,0.625
19500,145745,349.6,232.0,234.0,355.86173333333335,259.99,266.45,1468.0,0.04428571428571429,0.8,0.625
19600,146540,103.88000000000001,345.0,352.0,365.5058666666667,279.56,285.86,1468.0,0.04428571428571429,0.8,0.625
19700,147331,497.8533333333333,411.0,420.0,345.5503999999999,237.94,244.73,1468.0,0.04428571428571429,0.8,0.625
19800,148125,130.66666666666666,134.0,143.0,355.0064,262.42,268.81,1468.0,0.04412244897959184,0.8,0.625
19900,148921,228.81333333333333,203.0,208.0,368.3461333333333,270.6,276.98,1468.0,0.04412244897959184,0.8,0.625
20000,149714,441.8533333333333,449.0,454.0,388.2429333333333,262.76,269.13,1468.0,0.04412244897959184,0.8,0.625
20100,150509,260.38666666666666,225.0,235.0,358.13706666666667,273.5,280.41,1468.0,0.04412244897959184,0.8,0.625
20200,151304,359.0666666666666,324.0,334.0,347.7861333333333,240.64,247.28,1468.0,0.04412244897959184,0.8,0.625
20300,152096,756.8533333333332,404.0,409.0,359.074,270.13,276.71,1468.0,0.04395918367346939,0.8,0.625
20400,152893,351.4666666666667,386.0,395.0,346.9744,264.82,270.73,1468.0,0.04395918367346939,0.8,0.625
20500,153693,348.4533333333334,184.0,190.0,364.06626666666665,259.55,265.71,1468.0,0.04395918367346939,0.8,0.625
20600,154491,664.7333333333333,367.0,371.0,356.8885333333333,255.22,262.01,1468.0,0.04395918367346939,0.8,0.625
20700,155286,318.58666666666664,360.0,367.0,366.80546666666675,259.53,265.74,1468.0,0.04395918367346939,0.8,0.625
20800,156085,520.5333333333333,288.0,291.0,400.6065333333333,296.65,303.13,1468.0,0.04379591836734694,0.8,0.625
20900,156879,239.4133333333333,144.0,150.0,400.4397333333332,277.94,284.34,1468.0,0.04379591836734694,0.8,0.625
21000,157675,542.9866666666667,486.0,492.0,361.3018666666666,258.66,265.24,1468.0,0.04379591836734694,0.8,0.42857142857142855
21100,158472,433.50666666666666,209.0,215.0,385.67026666666663,273.63,280.16,1468.0,0.04379591836734694,0.8,0.625
21200,159264,243.62666666666667,356.0,366.0,366.0058666666667,278.48,285.03,1468.0,0.04379591836734694,0.8,0.625
21300,160063,627.36,306.0,314.0,394.5778666666667,270.56,276.95,1468.0,0.04363265306122449,0.8,0.625
21400,160856,368.18666666666667,272.0,279.0,386.35106666666667,276.39,283.29,1468.0,0.04363265306122449,0.8,0.625
21500,161655,207.2666666666667,251.0,258.0,377.4985333333334,286.11,292.49,1468.0,0.04363265306122449,0.8,0.625
21600,162451,386.76,163.0,168.0,372.2022666666667,275.19,282.04,1468.0,0.04363265306122449,0.8,0.625
21700,163237,460.3066666666667,431.0,439.0,377.0669333333333,283.08,289.72,1468.0,0.04363265306122449,0.8,0.625
21800,164034,259.12,300.0,308.0,364.5408,266.32,273.28,1468.0,0.04346938775510204,0.8,0.625
21900,164834,385.72,209.0,217.0,388.8473333333334,275.07,282.09,1468.0,0.04346938775510204,0.8,0.625
22000,165633,740.8933333333333,467.0,475.0,341.5562666666667,266.26,272.97,1468.0,0.04346938775510204,0.8,0.625
22100,166427,530.5466666666667,437.0,442.0,368.1661333333334,288.28,294.73,1468.0,0.04346938775510204,0.8,0.625
22200,167218,463.41333333333336,152.0,159.0,395.38933333333335,284.26,291.08,1468.0,0.04346938775510204,0.8,0.625
22300,168012,308.40000000000003,192.0,198.0,364.5316,262.89,269.43,1468.0,0.04330612244897959,0.8,0.625
22400,168804,432.73333333333335,235.0,244.0,384.32666666666665,271.12,277.73,1468.0,0.04330612244897959,0.8,0.625
22500,169597,149.18666666666667,191.0,195.0,377.17546666666664,265.08,271.87,1468.0,0.04330612244897959,0.8,0.25
22600,170392,615.1333333333333,351.0,360.0,383.2257333333333,288.97,295.4,1468.0,0.04330612244897959,0.8,0.625
22700,171190,623.5333333333333,365.0,368.0,373.6073333333333,259.57,266.43,1468.0,0.04330612244897959,0.8,0.625
22800,171984,388.53333333333336,190.0,194.0,369.6110666666667,259.89,266.65,1468.0,0.04330612244897959,0.8,0.625
22900,172781,364.64,282.0,285.0,404.6382666666666,299.11,305.76,1468.0,0.04314285714285714,0.8,0.625
23000,173576,682.7333333333333,423.0,431.0,402.0874666666666,281.2,287.79,1546.0,0.04314285714285714,0.8,0.625
23100,174371,234.60000000000002,283.0,292.0,397.5349333333334,293.72,300.22,1546.0,0.04314285714285714,0.8,0.625
23200,175170,140.78666666666663,187.0,192.0,392.0468,277.51,284.48,1546.0,0.04314285714285714,0.8,0.625
23300,175966,549.3866666666667,382.0,391.0,383.36853333333335,287.94,294.56,1546.0,0.04314285714285714,0.8,0.625
23400,176763,373.85333333333335,267.0,280.0,370.3512000000001,268.86,275.17,1546.0,0.04297959183673469,0.8,0.625
23500,177559,321.90666666666664,161.0,166.0,409.55386666666664,301.24,307.7,1546.0,0.04297959183673469,0.8,0.625
23600,178347,505.4,333.0,337.0,372.9264,277.26,283.47,1546.0,0.04297959183673469,0.8,0.625
23700,179138,57.34666666666665,155.0,162.0,387.61346666666674,282.39,288.58,1546.0,0.04297959183673469,0.8,0.625
23800,179933,327.56,221.0,228.0,427.18946666666665,310.29,316.88,1546.0,0.04297959183673469,0.8,0.625
23900,180728,419.21333333333337,199.0,203.0,411.6732,290.65,297.18,1546.0,0.04281632653061225,0.8,0.625
24000,181525,554.9466666666667,327.0,336.0,404.62440000000004,288.81,295.51,1546.0,0.04281632653061225,0.8,0.625
24100,182315,645.1733333333334,434.0,440.0,418.46653333333336,286.69,293.51,1546.0,0.04281632653061225,0.8,0.375
24200,183104,399.62666666666667,286.0,292.0,401.2658666666666,287.66,293.85,1546.0,0.04281632653061225,0.8,0.8333333333333334
24300,183900,292.2,263.0,266.0,406.10880000000003,293.96,300.53,1546.0,0.04281632653061225,0.8,0.625
24400,184689,646.3333333333334,441.0,450.0,418.88320000000004,285.76,292.41,1546.0,0.0426530612244898,0.8,0.7142857142857143
24500,185482,813.56,623.0,632.0,424.89813333333336,296.48,303.21,1546.0,0.0426530612244898,0.8,0.625
24600,186273,264.12,249.0,254.0,415.13480000000004,297.17,303.39,1546.0,0.0426530612244898,0.8,0.625
24700,187067,257.9333333333333,161.0,167.0,412.82946666666663,293.93,300.03,1546.0,0.0426530612244898,0.8,0.625
24800,187858,513.04,310.0,318.0,405.6152,288.58,295.34,1546.0,0.0426530612244898,0.8,0.7142857142857143
24900,188649,295.2933333333333,239.0,244.0,417.30746666666664,290.98,297.48,1546.0,0.04248979591836735,0.8,0.625
25000,189445,223.92,230.0,239.0,439.67586666666665,309.37,315.64,1546.0,0.04248979591836735,0.8,0.625
25100,190244,396.73333333333335,303.0,309.0,445.1157333333333,314.5,321.18,1546.0,0.04248979591836735,0.8,0.625
25200,191032,353.8133333333334,180.0,190.0,390.10720000000003,253.14,259.44,1546.0,0.04248979591836735,0.8,0.625
25300,191828,331.0,241.0,247.0,405.9716,291.77,298.62,1546.0,0.04248979591836735,0.8,0.625
25400,192625,432.05333333333334,290.0,299.0,434.33240000000006,306.75,313.76,1546.0,0.0423265306122449,0.8,0.625
25500,193420,518.5466666666666,537.0,544.0,419.91773333333333,307.81,314.27,1546.0,0.0423265306122449,0.8,0.625
25600,194214,604.3066666666666,447.0,454.0,407.6777333333332,315.37,321.91,1546.0,0.0423265306122449,0.8,0.625
25700,195011,429.29333333333335,245.0,255.0,383.62746666666663,258.82,265.51,1546.0,0.0423265306122449,0.8,0.625
25800,195803,89.40000000000002,161.0,170.0,409.47439999999995,286.42,292.96,1546.0,0.0423265306122449,0.8,0.625
25900,196593,314.4266666666666,192.0,198.0,383.7914666666666,270.7,277.02,1546.0,0.0423265306122449,0.8,0.625
26000,197385,633.9466666666667,320.0,325.0,422.9664,293.56,300.09,1546.0,0.04216326530612245,0.8,0.625
26100,198177,644.1466666666666,359.0,366.0,406.9313333333334,290.57,297.13,1546.0,0.04216326530612245,0.8,0.625
26200,198964,397.4133333333333,218.0,227.0,406.9173333333333,285.78,292.31,1546.0,0.04216326530612245,0.8,0.625
26300,199760,330.34666666666664,270.0,276.0,422.18786666666665,301.85,308.44,1546.0,0.04216326530612245,0.8,0.625
26400,200548,488.22666666666663,219.0,228.0,386.63599999999997,260.0,266.59,1546.0,0.04216326530612245,0.8,0.625
26500,201346,339.36,154.0,163.0,427.6060000000001,278.93,285.81,1546.0,0.042,0.8,0.625
26600,202145,457.08000000000004,255.0,262.0,433.0945333333333,295.61,302.88,1546.0,0.042,0.8,0.625
26700,202940,308.96,278.0,283.0,390.61146666666673,286.18,293.06,1546.0,0.042,0.8,0.625
26800,203737,228.57333333333332,171.0,183.0,429.6138666666666,294.9,301.5,1546.0,0.042,0.8,0.625
26900,204535,273.1733333333333,270.0,275.0,412.73653333333334,291.54,298.31,1546.0,0.042,0.8,0.625
27000,205329,207.44,158.0,167.0,440.00946666666664,300.71,307.65,1546.0,0.04183673469387755,0.8,0.625
27100,206127,110.77333333333331,388.0,395.0,445.5164,299.83,306.09,1546.0,0.04183673469387755,0.8,0.625
27200,206925,386.05333333333334,260.0,267.0,415.01146666666665,296.0,302.25,1546.0,0.04183673469387755,0.8,0.625
27300,207717,109.89333333333335,152.0,159.0,415.09653333333335,289.5,295.96,1546.0,0.04183673469387755,0.8,0.625
27400,208514,627.8266666666667,479.0,487.0,422.8441333333333,307.79,314.18,1546.0,0.04183673469387755,0.8,0.625
27500,209312,448.3466666666667,204.0,209.0,419.90946666666656,284.21,290.88,1546.0,0.041673469387755104,0.8,0.625
27600,210111,480.76,343.0,347.0,410.0485333333334,302.24,308.33,1546.0,0.041673469387755104,0.8,0.625
27700,210908,359.04,114.0,122.0,416.20213333333334,300.98,307.27,1546.0,0.041673469387755104,0.8,0.625
27800,211704,169.49333333333334,238.0,248.0,422.9474666666667,296.72,303.15,1546.0,0.041673469387755104,0.8,0.625
27900,212501,610.3466666666666,314.0,319.0,423.9982666666666,280.45,286.32,1546.0,0.041673469387755104,0.8,0.625
28000,213298,108.53333333333335,154.0,158.0,416.7074666666667,304.9,310.96,1546.0,0.041510204081632654,0.8,0.625
28100,214094,744.3199999999999,588.0,594.0,385.30173333333335,278.03,284.72,1546.0,0.041510204081632654,0.8,0.625
28200,214891,485.2266666666667,270.0,278.0,430.50066666666675,282.09,288.74,1546.0,0.041510204081632654,0.8,0.625
28300,215689,326.25333333333333,145.0,150.0,412.72626666666656,296.27,302.65,1546.0,0.041510204081632654,0.8,0.625
28400,216485,646.0666666666666,363.0,371.0,427.0218666666667,300.2,306.72,1546.0,0.041510204081632654,0.8,0.625
28500,217281,486.97333333333336,189.0,199.0,378.2996000000001,282.83,289.71,1546.0,0.041346938775510204,0.8,0.625
28600,218080,463.84,150.0,158.0,420.47159999999997,291.15,297.42,1546.0,0.041346938775510204,0.8,0.625
28700,218875,165.30666666666667,282.0,287.0,400.0118666666666,286.89,293.97,1546.0,0.041346938775510204,0.8,0.625
28800,219671,493.68,356.0,361.0,402.6537333333333,300.33,307.33,1546.0,0.041346938775510204,0.8,0.625
28900,220471,270.68,249.0,256.0,425.7104,290.94,297.8,1546.0,0.041346938775510204,0.8,0.625
29000,221262,500.4533333333334,276.0,284.0,413.42573333333326,278.13,284.5,1546.0,0.041183673469387755,0.8,0.625
29100,222062,531.4266666666667,481.0,487.0,463.43106666666665,339.71,346.24,1546.0,0.041183673469387755,0.8,0.625
29200,222857,448.29333333333335,216.0,224.0,440.8892000000001,300.25,307.06,1546.0,0.041183673469387755,0.8,0.625
29300,223647,408.5466666666666,177.0,180.0,379.1313333333334,284.83,291.9,1546.0,0.041183673469387755,0.8,0.625
29400,224444,677.7733333333333,605.0,612.0,459.80799999999994,312.56,319.29,1546.0,0.041183673469387755,0.8,0.625
29500,225240,501.50666666666666,277.0,284.0,423.3864,289.64,296.24,1546.0,0.041183673469387755,0.8,0.625
29600,226036,242.37333333333333,248.0,249.0,424.76840000000004,295.81,302.92,1546.0,0.04102040816326531,0.8,0.625
29700,226834,502.37333333333333,196.0,206.0,450.7976000000001,304.52,311.83,1546.0,0.04102040816326531,0.8,0.625
29800,227627,492.65333333333336,381.0,387.0,392.0634666666667,274.32,280.87,1546.0,0.04102040816326531,0.8,0.625
29900,228426,430.28000000000003,243.0,247.0,412.7281333333334,302.77,309.86,1546.0,0.04102040816326531,0.8,0.625
30000,229223,378.5466666666667,115.0,122.0,412.72720000000004,270.14,276.6,1546.0,0.04102040816326531,0.8,0.625
30100,230021,494.1066666666667,332.0,340.0,414.9062666666666,287.41,293.84,1546.0,0.040857142857142856,0.8,0.625
30200,230816,385.12,274.0,280.0,427.85560000000004,298.91,306.08,1546.0,0.040857142857142856,0.8,0.625
30300,231615,643.08,359.0,367.0,453.1578666666667,304.66,311.4,1546.0,0.040857142857142856,0.8,0.625
30400,232413,121.20000000000002,218.0,227.0,424.37,302.51,309.44,1546.0,0.040857142857142856,0.8,0.625
30500,233210,388.53333333333336,320.0,328.0,444.48920000000004,309.07,315.99,1546.0,0.040857142857142856,0.8,0.5
30600,234005,451.6000000000001,208.0,215.0,428.612,300.34,306.97,1546.0,0.04069387755102041,0.8,0.625
30700,234798,497.32,327.0,332.0,432.7276,307.19,313.71,1546.0,0.04069387755102041,0.8,0.625
30800,235594,407.6133333333333,327.0,332.0,432.1740000000001,302.47,309.38,1546.0,0.04069387755102041,0.8,0.625
30900,236392,511.64,313.0,319.0,429.19946666666675,300.9,307.55,1546.0,0.04069387755102041,0.8,0.625
31000,237190,512.12,169.0,178.0,422.16746666666666,273.16,279.88,1546.0,0.04069387755102041,0.8,0.625
31100,237988,262.64,232.0,240.0,500.2805333333334,332.5,339.13,1546.0,0.040530612244897964,0.8,0.625
31200,238783,517.3066666666667,280.0,284.0,418.3494666666666,286.81,293.38,1546.0,0.040530612244897964,0.8,0.625
31300,239579,546.9733333333334,323.0,330.0,418.4234666666666,280.2,286.59,1546.0,0.040530612244897964,0.8,0.625
31400,240375,471.3466666666667,319.0,322.0,425.2666666666667,297.8,304.17,1546.0,0.040530612244897964,0.8,0.625
31500,241167,-87.09333333333336,198.0,202.0,407.84680000000003,288.19,294.42,1546.0,0.040530612244897964,0.8,0.625
31600,241960,533.9066666666666,411.0,416.0,424.86746666666676,288.5,294.98,1546.0,0.040367346938775514,0.8,0.625
31700,242753,340.85333333333335,298.0,308.0,442.4133333333334,310.06,316.84,1546.0,0.040367346938775514,0.8,0.625
31800,243545,230.27999999999997,479.0,487.0,437.49586666666664,318.01,324.17,1546.0,0.040367346938775514,0.8,0.625
31900,244344,123.55999999999997,205.0,208.0,435.93719999999996,282.25,288.67,1546.0,0.040367346938775514,0.8,0.625
32000,245141,493.4133333333333,252.0,258.0,440.8258666666667,314.72,321.28,1546.0,0.040367346938775514,0.8,0.625
32100,245936,731.2133333333334,537.0,543.0,405.52639999999997,282.18,288.27,1546.0,0.040204081632653065,0.8,0.625
32200,246732,499.3466666666667,293.0,297.0,430.9189333333333,293.58,300.13,1546.0,0.040204081632653065,0.8,0.625
32300,247523,463.7066666666667,236.0,240.0,449.04040000000003,311.17,318.2,1546.0,0.040204081632653065,0.8,0.625
32400,248321,353.02666666666664,253.0,258.0,403.0708,285.05,291.16,1546.0,0.040204081632653065,0.8,0.625
32500,249112,925.36,620.0,628.0,461.16733333333343,309.21,315.45,1546.0,0.040204081632653065,0.8,0.625
32600,249909,364.66666666666663,408.0,422.0,423.5430666666666,292.47,298.87,1546.0,0.040040816326530615,0.8,0.625
32700,250707,400.17333333333335,157.0,166.0,450.95599999999996,308.96,315.9,1546.0,0.040040816326530615,0.8,0.625
32800,251505,790.4266666666666,588.0,597.0,426.49573333333336,292.2,298.58,1546.0,0.040040816326530615,0.8,0.625
32900,252300,390.09333333333336,201.0,206.0,387.5823999999999,260.6,266.82,1546.0,0.040040816326530615,0.8,0.625
33000,253096,456.52,391.0,400.0,421.65813333333324,311.82,318.96,1546.0,0.040040816326530615,0.8,0.625
33100,253894,340.73333333333335,199.0,203.0,443.4029333333334,330.06,336.7,1546.0,0.040040816326530615,0.8,0.625
33200,254694,399.4666666666667,262.0,267.0,433.2522666666667,299.88,306.7,1546.0,0.039877551020408165,0.8,0.625
33300,255490,192.54666666666668,119.0,127.0,411.9506666666668,299.92,306.63,1546.0,0.039877551020408165,0.8,0.42857142857142855
33400,256288,653.9466666666667,298.0,303.0,432.9317333333332,305.78,312.57,1546.0,0.039877551020408165,0.8,0.625
33500,257086,397.37333333333333,175.0,183.0,424.2892,287.99,294.68,1546.0,0.039877551020408165,0.8,0.625
33600,257878,474.1333333333333,314.0,318.0,390.42906666666664,271.22,277.97,1546.0,0.039877551020408165,0.8,0.625
33700,258677,257.72,249.0,255.0,457.4602666666667,314.98,322.04,1546.0,0.039714285714285716,0.8,0.625
33800,259468,411.29333333333335,179.0,182.0,451.37093333333337,322.5,329.02,1546.0,0.039714285714285716,0.8,0.625
33900,260264,513.24,215.0,226.0,467.8661333333333,326.18,332.69,1546.0,0.039714285714285716,0.8,0.625
34000,261055,648.6266666666667,407.0,413.0,469.4114666666667,321.86,328.82,1546.0,0.039714285714285716,0.8,0.625
34100,261850,471.12,336.0,344.0,408.00013333333334,303.55,310.05,1546.0,0.039714285714285716,0.8,0.625
34200,262647,275.17333333333335,198.0,205.0,418.7911999999999,289.88,296.55,1546.0,0.039551020408163266,0.8,0.625
34300,263444,211.38666666666666,110.0,112.0,434.08386666666667,301.11,307.46,1546.0,0.039551020408163266,0.8,0.14285714285714285
34400,264235,612.6666666666667,504.0,512.0,455.7118666666666,321.81,328.78,1546.0,0.039551020408163266,0.8,0.625
34500,265027,477.6,272.0,280.0,406.3446666666667,280.63,287.3,1546.0,0.039551020408163266,0.8,0.625
34600,265823,542.0,184.0,195.0,442.28066666666666,310.27,316.7,1546.0,0.039551020408163266,0.8,0.625
34700,266617,-46.66666666666666,196.0,205.0,404.98853333333335,280.08,286.54,1546.0,0.03938775510204082,0.8,0.625
34800,267410,311.21333333333337,113.0,122.0,419.2636,300.11,306.65,1546.0,0.03938775510204082,0.8,0.625
34900,268205,336.6,309.0,320.0,439.9494666666667,301.15,308.17,1546.0,0.03938775510204082,0.8,0.625
35000,268999,616.9466666666667,387.0,396.0,438.7338666666667,303.2,309.83,1546.0,0.03938775510204082,0.8,0.625
35100,269797,756.1733333333334,509.0,518.0,437.1397333333334,304.44,311.52,1546.0,0.03938775510204082,0.8,0.625
35200,270591,471.4533333333333,151.0,154.0,430.95399999999995,294.25,300.74,1546.0,0.03922448979591837,0.8,0.625
35300,271387,471.16,201.0,207.0,428.27306666666664,297.42,304.37,1546.0,0.03922448979591837,0.8,0.625
35400,272180,800.4133333333333,505.0,512.0,467.2633333333334,333.39,339.73,1546.0,0.03922448979591837,0.8,0.625
35500,272975,646.4266666666667,480.0,487.0,438.34293333333335,299.7,306.23,1546.0,0.03922448979591837,0.8,0.625
35600,273772,52.06666666666668,71.0,77.0,455.65719999999993,319.37,326.26,1546.0,0.03922448979591837,0.8,0.625
35700,274560,415.1066666666667,277.0,283.0,446.27479999999997,293.99,300.29,1546.0,0.03906122448979592,0.8,0.625
35800,275349,273.50666666666666,113.0,121.0,398.5373333333334,278.74,285.02,1546.0,0.03906122448979592,0.8,0.625
35900,276141,441.9066666666667,311.0,313.0,398.61946666666677,270.98,277.56,1546.0,0.03906122448979592,0.8,0.625
36000,276931,202.48,146.0,150.0,431.99799999999993,286.05,292.74,1546.0,0.03906122448979592,0.8,0.8333333333333334
36100,277717,405.06666666666666,232.0,239.0,432.57199999999995,318.2,324.36,1546.0,0.03906122448979592,0.8,0.625
36200,278512,388.4533333333333,320.0,322.0,430.17946666666666,298.18,304.69,1546.0,0.03906122448979592,0.8,0.625
36300,279308,417.56,323.0,328.0,446.0645333333333,322.58,329.24,1546.0,0.038897959183673475,0.8,0.625
36400,280099,657.1466666666668,216.0,224.0,457.84653333333335,304.97,311.34,1546.0,0.038897959183673475,0.8,0.625
36500,280895,255.7866666666667,202.0,204.0,461.154,308.95,315.41,1546.0,0.038897959183673475,0.8,0.625
36600,281688,783.2533333333333,608.0,616.0,438.5345333333333,319.99,326.71,1546.0,0.038897959183673475,0.8,0.625
36700,282488,631.6800000000001,446.0,452.0,422.4782666666666,290.75,297.29,1546.0,0.038897959183673475,0.8,0.625
36800,283287,567.4266666666666,365.0,372.0,444.6360000000001,313.2,319.83,1546.0,0.038734693877551025,0.8,0.625
36900,284082,514.6,285.0,295.0,437.95946666666663,276.6,282.83,1546.0,0.038734693877551025,0.8,0.625
37000,284880,460.88,374.0,383.0,457.048,313.18,320.2,1546.0,0.038734693877551025,0.8,0.625
37100,285678,431.0266666666667,319.0,323.0,444.68013333333334,310.87,317.26,1546.0,0.038734693877551025,0.8,0.625
37200,286475,833.6800000000001,776.0,785.0,449.12826666666666,308.3,314.66,1546.0,0.038734693877551025,0.8,0.625
37300,287273,502.94666666666666,281.0,287.0,435.41720000000004,308.13,314.33,1546.0,0.038571428571428576,0.8,0.625
37400,288072,532.5866666666666,222.0,225.0,451.50653333333344,315.61,321.66,1546.0,0.038571428571428576,0.8,0.625
37500,288872,296.90666666666664,362.0,367.0,417.31080000000003,293.71,299.93,1546.0,0.038571428571428576,0.8,0.625
37600,289672,346.4133333333333,159.0,162.0,445.0701333333334,326.6,333.15,1546.0,0.038571428571428576,0.8,0.625
37700,290467,521.4933333333333,334.0,343.0,426.1025333333333,300.21,306.67,1546.0,0.038571428571428576,0.8,0.625
37800,291266,321.22666666666663,234.0,243.0,447.86546666666675,302.89,309.46,1546.0,0.038408163265306126,0.8,0.625
37900,292063,739.1066666666668,441.0,448.0,408.6486666666667,304.91,311.52,1546.0,0.038408163265306126,0.8,0.375
38000,292861,483.84000000000003,240.0,243.0,473.9124,332.89,339.76,1546.0,0.038408163265306126,0.8,0.5
38100,293659,413.6,194.0,200.0,466.1577333333334,306.87,313.52,1546.0,0.038408163265306126,0.8,0.625
38200,294455,477.88,321.0,328.0,472.17706666666663,344.38,350.86,1546.0,0.038408163265306126,0.8,0.625
38300,295254,364.5866666666667,198.0,207.0,458.78240000000005,333.52,340.29,1546.0,0.03824489795918368,0.8,0.625
38400,296051,391.70666666666665,428.0,435.0,433.77613333333335,313.67,320.18,1546.0,0.03824489795918368,0.8,0.625
38500,296850,462.9466666666667,205.0,210.0,438.4536,313.38,319.81,1546.0,0.03824489795918368,0.8,0.625
38600,297649,174.4,322.0,323.0,447.2418666666666,302.3,308.66,1546.0,0.03824489795918368,0.8,0.625
38700,298444,318.28000000000003,283.0,285.0,404.2294666666667,287.15,293.49,1546.0,0.03824489795918368,0.8,0.625
38800,299241,496.4133333333333,411.0,416.0,419.7784,288.0,294.63,1546.0,0.03808163265306123,0.8,0.625
38900,300038,580.0533333333333,366.0,371.0,443.90986666666663,297.04,302.89,1546.0,0.03808163265306123,0.8,0.625
39000,300836,553.5733333333333,292.0,300.0,430.45013333333327,290.92,297.28,1546.0,0.03808163265306123,0.8,0.625
39100,301636,409.18666666666667,383.0,387.0,433.29666666666674,306.27,312.58,1546.0,0.03808163265306123,0.8,0.625
39200,302435,474.5466666666667,361.0,371.0,462.9793333333333,323.39,329.81,1546.0,0.03808163265306123,0.8,0.625
39300,303231,371.21333333333337,227.0,235.0,420.1053333333333,290.92,296.88,1546.0,0.03791836734693878,0.8,0.625
39400,304029,177.0,299.0,308.0,453.36986666666667,322.94,329.13,1546.0,0.03791836734693878,0.8,0.625
39500,304827,352.5733333333334,173.0,180.0,423.4593333333333,300.65,306.69,1546.0,0.03791836734693878,0.8,0.625
39600,305626,348.32000000000005,206.0,217.0,422.49946666666676,292.74,299.25,1546.0,0.03791836734693878,0.8,0.625
39700,306422,1032.9333333333334,910.0,915.0,426.43533333333335,294.45,300.87,1546.0,0.03791836734693878,0.8,0.625
39800,307222,597.9866666666667,343.0,352.0,426.69253333333336,288.2,294.59,1546.0,0.03775510204081633,0.8,0.625
39900,308019,253.13333333333335,241.0,246.0,457.70759999999996,322.71,329.35,1546.0,0.03775510204081633,0.8,0.625
40000,308818,362.16,172.0,179.0,454.4665333333334,306.69,313.15,1546.0,0.03775510204081633,0.8,0.625
40100,309612,488.15999999999997,200.0,202.0,428.97560000000004,306.17,312.88,1546.0,0.03775510204081633,0.8,0.625
40200,310408,339.61333333333334,257.0,258.0,421.32373333333345,285.28,291.88,1546.0,0.03775510204081633,0.8,0.625
40300,311206,292.06666666666666,213.0,223.0,441.2298666666666,308.02,314.49,1546.0,0.03775510204081633,0.8,0.625
40400,312003,392.4,204.0,211.0,440.2044,302.93,309.76,1546.0,0.03759183673469388,0.8,0.625
40500,312803,269.80000000000007,219.0,222.0,445.21000000000015,293.21,299.57,1546.0,0.03759183673469388,0.8,0.625
40600,313602,270.4266666666667,116.0,127.0,416.22960000000006,301.0,307.54,1546.0,0.03759183673469388,0.8,0.625
40700,314401,432.02666666666664,338.0,346.0,455.978,317.79,324.1,1546.0,0.03759183673469388,0.8,0.625
40800,315196,626.0,560.0,566.0,464.44146666666666,325.61,331.6,1546.0,0.03759183673469388,0.8,0.625
40900,315990,384.26666666666665,302.0,308.0,428.14013333333344,297.95,304.36,1546.0,0.03742857142857143,0.8,0.625
41000,316781,319.5333333333333,261.0,266.0,424.6296,306.2,311.56,1546.0,0.03742857142857143,0.8,0.625
41100,317576,1014.6,831.0,839.0,414.1013333333333,290.46,296.55,1546.0,0.03742857142857143,0.8,0.625
41200,318372,585.2933333333333,373.0,379.0,419.5988,295.69,301.54,1546.0,0.03742857142857143,0.8,0.625
41300,319169,250.38666666666666,227.0,235.0,436.35653333333335,297.62,303.43,1546.0,0.03742857142857143,0.8,0.625
41400,319961,299.73333333333335,158.0,162.0,392.3437333333332,285.5,291.15,1546.0,0.03726530612244898,0.8,0.625
41500,320761,344.6,261.0,272.0,420.72399999999993,302.94,309.04,1546.0,0.03726530612244898,0.8,0.625
41600,321559,966.92,947.0,953.0,436.6693333333333,307.34,313.88,1546.0,0.03726530612244898,0.8,0.625
41700,322355,573.3733333333333,627.0,634.0,446.54666666666674,289.72,295.24,1546.0,0.03726530612244898,0.8,0.625
41800,323146,549.5866666666666,295.0,300.0,394.42293333333333,290.12,295.54,1546.0,0.03726530612244898,0.8,0.625
41900,323937,711.3466666666667,447.0,450.0,412.30346666666674,279.22,284.8,1546.0,0.03710204081632654,0.8,0.625
42000,324736,496.08,136.0,137.0,448.2173333333333,302.34,308.84,1546.0,0.03710204081632654,0.8,0.625
42100,325528,412.2266666666667,283.0,287.0,438.7504,306.96,312.67,1546.0,0.03710204081632654,0.8,0.625
42200,326325,264.4533333333333,188.0,198.0,406.6554666666667,271.36,277.46,1546.0,0.03710204081632654,0.8,0.625
42300,327122,342.4533333333334,290.0,296.0,430.5490666666667,297.28,303.44,1546.0,0.03710204081632654,0.8,0.625
42400,327920,412.70666666666665,209.0,218.0,464.3228,334.77,341.02,1546.0,0.03693877551020409,0.8,0.625
42500,328716,301.6666666666667,255.0,259.0,445.37799999999993,305.01,311.24,1546.0,0.03693877551020409,0.8,0.625
42600,329513,362.38666666666666,239.0,251.0,415.18426666666664,291.8,297.8,1546.0,0.03693877551020409,0.8,0.625
42700,330311,472.28,469.0,475.0,442.316,305.1,311.27,1546.0,0.03693877551020409,0.8,0.625
42800,331108,534.12,231.0,240.0,470.05386666666675,311.94,318.14,1546.0,0.03693877551020409,0.8,0.625
42900,331904,233.74666666666667,191.0,199.0,420.98733333333337,300.05,305.77,1546.0,0.03677551020408164,0.8,0.625
43000,332697,419.50666666666666,355.0,359.0,447.4718666666667,290.67,296.59,1546.0,0.03677551020408164,0.8,0.625
43100,333495,455.32,243.0,247.0,398.19146666666677,275.32,280.95,1546.0,0.03677551020408164,0.8,0.625
43200,334294,-393.5066666666668,163.0,169.0,454.4090666666666,339.34,345.81,1546.0,0.03677551020408164,0.8,0.625
43300,335090,385.18666666666667,393.0,403.0,411.0050666666668,296.14,301.89,1546.0,0.03677551020408164,0.8,0.625
43400,335884,284.6933333333333,202.0,207.0,408.4313333333334,276.33,282.38,1546.0,0.03661224489795918,0.8,0.625
43500,336684,10.280000000000001,159.0,167.0,444.4864,310.7,317.06,1546.0,0.03661224489795918,0.8,0.625
43600,337480,494.2533333333334,227.0,232.0,440.9892,303.81,310.2,1546.0,0.03661224489795918,0.8,0.375
43700,338276,408.48,210.0,220.0,431.6189333333335,294.28,300.62,1546.0,0.03661224489795918,0.8,0.5
43800,339074,376.78666666666663,195.0,203.0,436.82253333333335,312.25,318.88,1546.0,0.03661224489795918,0.8,0.625
43900,339869,913.4,561.0,568.0,456.5916000000001,302.65,308.59,1546.0,0.03661224489795918,0.8,0.625
44000,340667,838.24,664.0,672.0,472.2172000000001,329.67,336.2,1546.0,0.03644897959183674,0.8,0.625
44100,341464,290.49333333333334,287.0,295.0,459.42733333333337,322.13,328.26,1546.0,0.03644897959183674,0.8,0.625
44200,342263,265.37333333333333,203.0,210.0,460.48933333333343,331.78,338.32,1546.0,0.03644897959183674,0.8,0.625
44300,343061,530.6800000000001,237.0,243.0,453.0090666666667,315.9,322.07,1546.0,0.03644897959183674,0.8,0.625
44400,343860,305.36,208.0,212.0,434.0841333333334,296.83,303.29,1546.0,0.03644897959183674,0.8,0.625
44500,344660,916.5866666666666,700.0,704.0,471.81680000000017,334.58,341.19,1546.0,0.03628571428571429,0.8,0.375
44600,345459,441.2266666666667,136.0,141.0,434.89653333333337,297.72,304.05,1546.0,0.03628571428571429,0.8,0.625
44700,346257,182.6,189.0,199.0,422.58346666666665,302.32,308.22,1546.0,0.03628571428571429,0.8,0.625
44800,347054,476.10666666666674,290.0,295.0,455.9956,324.71,331.28,1546.0,0.03628571428571429,0.8,0.625
44900,347853,402.77333333333337,192.0,199.0,429.54279999999994,302.51,309.44,1546.0,0.03628571428571429,0.8,0.625
45000,348649,562.1066666666667,428.0,434.0,429.3372000000001,316.73,323.3,1546.0,0.03612244897959184,0.8,0.625
45100,349449,418.49333333333334,189.0,194.0,450.9332,313.89,319.96,1546.0,0.03612244897959184,0.8,0.625
45200,350247,398.03999999999996,269.0,279.0,466.2669333333334,327.24,333.6,1546.0,0.03612244897959184,0.8,0.625
45300,351046,406.64,296.0,304.0,458.8972,312.11,317.96,1546.0,0.03612244897959184,0.8,0.625
45400,351842,382.9466666666667,185.0,194.0,431.75160000000005,308.21,314.34,1546.0,0.03612244897959184,0.8,0.625
45500,352637,266.7066666666667,109.0,112.0,426.6042666666666,285.4,291.85,1546.0,0.03595918367346939,0.8,0.14285714285714285
45600,353435,692.9333333333334,392.0,403.0,483.4113333333333,333.33,339.82,1546.0,0.03595918367346939,0.8,0.625
45700,354232,57.54666666666665,186.0,196.0,419.42119999999994,286.35,292.82,1546.0,0.03595918367346939,0.8,0.625
45800,355030,692.8533333333334,410.0,420.0,421.4188,288.57,295.01,1546.0,0.03595918367346939,0.8,0.625
45900,355828,354.2,173.0,181.0,464.6588,321.65,328.13,1546.0,0.03595918367346939,0.8,0.625
46000,356625,301.0133333333333,206.0,214.0,429.5582666666667,301.15,307.9,1546.0,0.03579591836734694,0.8,0.625
46100,357423,216.12,201.0,207.0,441.23560000000003,308.01,314.44,1546.0,0.03579591836734694,0.8,0.625
46200,358220,309.61333333333334,197.0,203.0,436.14,292.52,299.04,1546.0,0.03579591836734694,0.8,0.625
46300,359016,273.6666666666667,253.0,259.0,423.41613333333333,302.39,308.99,1546.0,0.03579591836734694,0.8,0.625
46400,359812,591.1466666666668,304.0,315.0,433.13759999999985,323.84,330.52,1546.0,0.03579591836734694,0.8,0.625
46500,360610,304.4133333333333,307.0,311.0,433.1721333333333,329.89,336.37,1546.0,0.03563265306122449,0.8,0.625
46600,361406,415.8933333333333,198.0,203.0,436.39546666666666,310.54,316.8,1546.0,0.03563265306122449,0.8,0.625
46700,362201,492.46666666666664,273.0,279.0,417.74386666666663,294.91,301.25,1546.0,0.03563265306122449,0.8,0.625
46800,363000,590.4533333333334,314.0,322.0,452.38399999999996,320.78,327.04,1546.0,0.03563265306122449,0.8,0.625
46900,363799,460.04,313.0,320.0,428.59026666666665,304.99,311.71,1546.0,0.03563265306122449,0.8,0.625
47000,364593,421.8266666666667,105.0,114.0,463.28240000000005,316.18,322.62,1546.0,0.03546938775510204,0.8,0.625
47100,365389,601.28,316.0,322.0,432.36666666666673,297.5,303.65,1546.0,0.03546938775510204,0.8,0.625
47200,366186,185.44000000000003,160.0,161.0,478.99519999999995,329.02,335.17,1546.0,0.03546938775510204,0.8,0.625
47300,366981,447.71999999999997,367.0,369.0,451.6065333333333,304.11,310.76,1546.0,0.03546938775510204,0.8,0.625
47400,367778,111.98666666666666,219.0,228.0,418.09479999999996,287.69,293.92,1546.0,0.03546938775510204,0.8,0.625
47500,368576,495.0266666666667,355.0,360.0,452.3613333333334,313.78,320.38,1546.0,0.03546938775510204,0.8,0.625
47600,369375,440.97333333333336,259.0,272.0,468.14746666666673,320.12,326.43,1546.0,0.03530612244897959,0.8,0.625
47700,370164,392.08000000000004,256.0,268.0,435.5009333333335,310.33,316.69,1546.0,0.03530612244897959,0.8,0.625
47800,370962,545.1066666666667,277.0,284.0,461.1774666666666,328.07,334.65,1546.0,0.03530612244897959,0.8,0.625
47900,371759,393.26666666666665,307.0,312.0,446.06066666666675,311.93,318.31,1546.0,0.03530612244897959,0.8,0.625
48000,372556,298.3466666666667,262.0,268.0,438.7392,316.5,322.28,1546.0,0.03530612244897959,0.8,0.625
48100,373351,-131.89333333333335,0.0,0.0,424.33906666666667,310.11,316.91,1546.0,0.03514285714285714,0.8,0.0
48200,374148,213.12,186.0,191.0,464.46266666666656,327.24,334.1,1546.0,0.03514285714285714,0.8,0.625
48300,374945,512.76,193.0,205.0,435.7496,301.8,308.48,1546.0,0.03514285714285714,0.8,0.625
48400,375743,1196.8933333333334,957.0,967.0,451.23653333333334,318.32,325.04,1546.0,0.03514285714285714,0.8,0.625
48500,376543,465.0266666666667,323.0,327.0,486.9697333333333,341.35,347.8,1546.0,0.03514285714285714,0.8,0.625
48600,377340,311.38666666666666,292.0,299.0,464.92533333333324,331.56,337.84,1546.0,0.0349795918367347,0.8,0.625
48700,378138,541.1733333333333,402.0,405.0,424.22426666666667,288.54,294.75,1546.0,0.0349795918367347,0.8,0.625
48800,378938,621.1600000000001,375.0,384.0,442.98706666666675,320.49,327.55,1546.0,0.0349795918367347,0.8,0.625
48900,379734,692.1466666666666,453.0,460.0,422.90719999999993,307.78,314.17,1546.0,0.0349795918367347,0.8,0.625
49000,380530,273.4,225.0,231.0,452.4108,328.25,334.4,1546.0,0.0349795918367347,0.8,0.625
49100,381329,395.3066666666666,482.0,487.0,456.60933333333344,331.9,337.98,1546.0,0.03481632653061224,0.8,0.625
49200,382121,309.6533333333333,158.0,167.0,433.9570666666667,293.72,299.89,1546.0,0.03481632653061224,0.8,0.625
49300,382916,546.8133333333334,295.0,295.0,441.3486666666666,315.85,321.72,1546.0,0.03481632653061224,0.8,0.625
49400,383713,688.3733333333333,526.0,536.0,435.8212000000001,306.67,313.49,1546.0,0.03481632653061224,0.8,0.625
49500,384507,158.78666666666666,157.0,166.0,442.04453333333333,307.34,313.25,1546.0,0.03481632653061224,0.8,0.625
49600,385298,407.21333333333337,253.0,256.0,473.9189333333333,329.82,335.9,1546.0,0.0346530612244898,0.8,0.625
49700,386097,330.4,202.0,215.0,446.28973333333334,321.15,327.75,1546.0,0.0346530612244898,0.8,0.625
49800,386894,246.93333333333334,242.0,250.0,457.19386666666674,330.88,337.28,1546.0,0.0346530612244898,0.8,0.625
49900,387693,766.6533333333334,455.0,468.0,434.6674666666667,312.92,319.43,1546.0,0.0346530612244898,0.8,0.625
50000,388491,588.48,342.0,344.0,449.80146666666667,306.43,313.17,1546.0,0.0346530612244898,0.8,0.625
50100,389290,522.8,400.0,403.0,454.4250666666667,311.34,317.79,1546.0,0.03448979591836735,0.8,0.625
50200,390088,377.84,248.0,259.0,435.4605333333333,294.16,300.01,1546.0,0.03448979591836735,0.8,0.625
50300,390885,349.2133333333333,235.0,238.0,476.93386666666663,338.44,344.61,1546.0,0.03448979591836735,0.8,0.625
50400,391684,501.0666666666667,450.0,458.0,432.574,313.39,319.36,1546.0,0.03448979591836735,0.8,0.625
50500,392482,497.21333333333337,263.0,268.0,461.6073333333332,306.99,313.47,1546.0,0.03448979591836735,0.8,0.625
50600,393279,472.4533333333334,292.0,299.0,412.0114666666666,290.28,296.22,1546.0,0.0343265306122449,0.8,0.625
50700,394076,349.0400000000001,232.0,239.0,442.2637333333334,305.08,311.83,1546.0,0.0343265306122449,0.8,0.625
50800,394869,519.5866666666667,541.0,549.0,426.73733333333337,289.14,295.19,1546.0,0.0343265306122449,0.8,0.625
50900,395669,670.8266666666666,438.0,446.0,456.9665333333334,315.65,322.15,1546.0,0.0343265306122449,0.8,0.625
51000,396466,307.09333333333336,158.0,167.0,406.43746666666664,305.85,311.86,1546.0,0.0343265306122449,0.8,0.625
51100,397263,238.98666666666668,220.0,224.0,438.80933333333337,303.44,309.37,1546.0,0.0343265306122449,0.8,0.625
51200,398063,461.1866666666667,321.0,332.0,458.1024,309.96,316.45,1546.0,0.03416326530612245,0.8,0.625
51300,398859,481.0133333333333,244.0,251.0,405.0740000000002,278.89,284.77,1546.0,0.03416326530612245,0.8,0.625
51400,399659,532.72,306.0,312.0,455.6636000000001,311.87,318.21,1546.0,0.03416326530612245,0.8,0.625
51500,400454,599.52,434.0,438.0,406.84880000000004,285.28,291.24,1546.0,0.03416326530612245,0.8,0.625
51600,401252,476.93333333333334,538.0,543.0,462.8446666666667,314.63,320.74,1546.0,0.03416326530612245,0.8,0.625
51700,402051,416.85333333333335,270.0,276.0,433.6037333333334,299.4,305.51,1546.0,0.034,0.8,0.625
51800,402850,492.6533333333333,325.0,334.0,468.54066666666665,326.73,332.82,1546.0,0.034,0.8,0.625
51900,403647,430.91999999999996,427.0,438.0,441.7666666666666,308.18,314.69,1546.0,0.034,0.8,0.625
52000,404446,269.03999999999996,208.0,212.0,426.30519999999996,293.05,299.04,1546.0,0.034,0.8,0.625
52100,405245,327.59999999999997,222.0,228.0,461.9704,319.24,325.21,1546.0,0.034,0.8,0.375
52200,406044,272.1066666666667,110.0,114.0,447.0741333333333,296.58,302.37,1546.0,0.03383673469387755,0.8,0.625
52300,406841,436.33333333333337,261.0,265.0,447.72773333333345,316.02,322.32,1546.0,0.03383673469387755,0.8,0.625
52400,407636,540.0133333333333,365.0,370.0,447.3373333333334,303.04,309.18,1546.0,0.03383673469387755,0.8,0.625
52500,408433,470.04,321.0,329.0,446.8166666666667,328.47,335.16,1546.0,0.03383673469387755,0.8,0.625
52600,409233,541.92,356.0,359.0,444.1418666666666,307.92,314.28,1546.0,0.03383673469387755,0.8,0.625
52700,410027,371.3066666666667,142.0,152.0,439.1058666666666,291.26,297.58,1546.0,0.0336734693877551,0.8,0.625
52800,410822,211.82666666666665,195.0,203.0,432.6567999999999,310.9,317.46,1546.0,0.0336734693877551,0.8,0.625
52900,411621,64.05333333333334,0.0,0.0,421.3273333333334,299.03,305.01,1546.0,0.0336734693877551,0.8,0.0
53000,412414,729.36,428.0,434.0,444.8486666666667,317.43,323.39,1546.0,0.0336734693877551,0.8,0.625
53100,413211,339.48,213.0,219.0,448.9016,315.8,321.9,1546.0,0.0336734693877551,0.8,0.625
53200,414007,359.46666666666664,206.0,211.0,440.84920000000005,296.27,302.77,1546.0,0.033510204081632654,0.8,0.625
53300,414804,439.5333333333333,321.0,331.0,478.36999999999995,327.97,334.49,1546.0,0.033510204081632654,0.8,0.625
53400,415602,329.05333333333334,275.0,284.0,446.18120000000005,311.93,318.0,1546.0,0.033510204081632654,0.8,0.625
53500,416400,422.84,281.0,284.0,437.7893333333333,301.18,307.31,1546.0,0.033510204081632654,0.8,0.625
53600,417193,1179.52,954.0,959.0,474.6895999999999,326.28,332.65,1546.0,0.033510204081632654,0.8,0.625
53700,417989,263.57333333333327,302.0,307.0,454.1293333333334,302.98,309.38,1546.0,0.033346938775510204,0.8,0.625
53800,418788,323.62666666666667,302.0,307.0,467.70813333333336,327.03,333.27,1546.0,0.033346938775510204,0.8,0.625
53900,419585,632.5066666666667,294.0,300.0,463.8573333333334,309.54,315.73,1546.0,0.033346938775510204,0.8,0.625
54000,420384,411.14666666666665,254.0,259.0,478.6012,336.71,343.38,1546.0,0.033346938775510204,0.8,0.625
54100,421182,376.2933333333333,164.0,167.0,394.1536,289.06,294.97,1546.0,0.033346938775510204,0.8,0.625
54200,421977,463.88,387.0,398.0,428.12746666666663,306.98,313.09,1546.0,0.03318367346938776,0.8,0.625
54300,422773,1060.04,875.0,884.0,466.38413333333335,315.27,321.55,1546.0,0.03318367346938776,0.8,0.375
54400,423570,267.0,403.0,408.0,456.54706666666664,317.61,323.77,1546.0,0.03318367346938776,0.8,0.625
54500,424368,412.28000000000003,201.0,209.0,440.9369333333333,306.45,312.77,1546.0,0.03318367346938776,0.8,0.625
54600,425162,317.6,378.0,383.0,446.4856,302.84,309.32,1546.0,0.03318367346938776,0.8,0.625
54700,425960,596.9466666666667,297.0,303.0,469.4477333333335,315.04,321.35,1546.0,0.03318367346938776,0.8,0.625
54800,426758,316.64,266.0,271.0,423.1965333333334,299.74,306.37,1546.0,0.033020408163265305,0.8,0.625
54900,427555,309.1333333333333,319.0,324.0,464.68786666666665,304.63,310.58,1546.0,0.033020408163265305,0.8,0.625
55000,428354,482.2266666666667,141.0,146.0,459.58040000000005,321.93,328.17,1546.0,0.033020408163265305,0.8,0.625
55100,429151,297.2933333333333,159.0,162.0,440.71080000000006,290.45,296.49,1546.0,0.033020408163265305,0.8,0.625
55200,429948,398.17333333333335,247.0,249.0,460.20786666666675,321.13,327.53,1546.0,0.033020408163265305,0.8,0.625
55300,430744,551.3466666666667,213.0,218.0,481.9700000000001,311.71,317.81,1546.0,0.03285714285714286,0.8,0.625
55400,431542,268.5733333333333,307.0,311.0,460.76653333333337,339.53,345.38,1546.0,0.03285714285714286,0.8,0.625
55500,432340,351.48,275.0,277.0,489.8616,319.68,325.79,1546.0,0.03285714285714286,0.8,0.625
55600,433139,674.4000000000001,378.0,382.0,427.56253333333336,304.35,310.56,1546.0,0.03285714285714286,0.8,0.625
55700,433938,605.5466666666667,266.0,273.0,471.02733333333344,341.17,347.45,1546.0,0.03285714285714286,0.8,0.625
55800,434734,704.88,516.0,524.0,480.3768,342.06,347.99,1546.0,0.032693877551020406,0.8,0.625
55900,435529,109.92000000000002,0.0,0.0,409.21160000000003,283.99,289.49,1546.0,0.032693877551020406,0.8,0.0
56000,436326,670.7733333333333,496.0,506.0,436.84613333333334,294.02,299.78,1546.0,0.032693877551020406,0.8,0.625
56100,437121,523.04,282.0,286.0,421.5453333333333,274.64,280.4,1546.0,0.032693877551020406,0.8,0.625
56200,437913,740.4,394.0,400.0,445.74986666666655,300.46,306.11,1546.0,0.032693877551020406,0.8,0.625
