episode,steps,return_train,return_plot,avg_train_100,avg_plot_100,max_plot,ecoef,coef_dis
100,1063,160.0,117.0,279.33,156.84,496.0,0.05,0.0
200,2104,161.0,149.0,290.39,167.01,530.0,0.05,0.0
300,3102,398.0,150.0,295.75,180.44,831.0,0.05,0.0
400,4137,346.0,226.0,285.97,158.73,831.0,0.04983673469387755,0.002040816326530612
500,5372,223.0,137.0,282.32,145.32,831.0,0.04983673469387755,0.002040816326530612
600,6631,331.0,250.0,322.19,168.63,831.0,0.04983673469387755,0.002040816326530612
700,7855,334.0,239.0,265.7,158.67,831.0,0.04983673469387755,0.002040816326530612
800,8900,645.0,453.0,310.08,185.69,831.0,0.049673469387755104,0.004081632653061224
900,10039,238.0,170.0,307.09,181.83,831.0,0.049673469387755104,0.004081632653061224
1000,11139,823.0,456.0,313.38,195.44,831.0,0.049673469387755104,0.004081632653061224
1100,12157,322.0,194.0,306.88,182.36,831.0,0.049673469387755104,0.004081632653061224
1200,13062,174.0,144.0,300.49,195.77,831.0,0.049510204081632654,0.006122448979591837
1300,13939,221.0,117.0,332.16,204.97,831.0,0.049510204081632654,0.006122448979591837
1400,14835,136.0,124.0,290.46,184.16,831.0,0.049510204081632654,0.006122448979591837
1500,15721,283.0,283.0,319.64,221.87,831.0,0.049510204081632654,0.006122448979591837
1600,16696,137.0,109.0,315.97,181.15,831.0,0.049346938775510205,0.008163265306122448
1700,17753,278.0,169.0,323.27,202.82,831.0,0.049346938775510205,0.008163265306122448
1800,18800,174.0,174.0,363.42,219.13,831.0,0.049346938775510205,0.008163265306122448
1900,19867,368.0,360.0,338.61,223.54,831.0,0.049346938775510205,0.008163265306122448
2000,20890,419.0,207.0,336.44,214.82,968.0,0.049183673469387755,0.010204081632653062
2100,21892,190.0,150.0,358.33,236.93,968.0,0.049183673469387755,0.010204081632653062
2200,22907,628.0,600.0,366.66,244.04,968.0,0.049183673469387755,0.010204081632653062
2300,23836,374.0,166.0,338.5,216.4,968.0,0.049183673469387755,0.010204081632653062
2400,24788,306.0,206.0,302.08,206.57,968.0,0.049020408163265305,0.012244897959183675
2500,25861,394.0,110.0,374.81,232.27,968.0,0.049020408163265305,0.012244897959183675
2600,26915,1392.0,182.0,402.07,260.35,968.0,0.049020408163265305,0.012244897959183675
2700,27939,214.0,214.0,374.95,230.09,968.0,0.049020408163265305,0.012244897959183675
2800,28923,357.0,281.0,386.91,249.3,968.0,0.04885714285714286,0.014285714285714285
2900,29866,430.0,430.0,382.55,277.8,968.0,0.04885714285714286,0.014285714285714285
3000,30795,210.0,138.0,349.97,242.09,968.0,0.04885714285714286,0.014285714285714285
3100,31732,165.0,129.0,387.61,262.9,968.0,0.04885714285714286,0.014285714285714285
3200,32653,444.0,376.0,344.04,241.76,968.0,0.04885714285714286,0.014285714285714285
3300,33673,380.0,330.0,347.49,244.2,968.0,0.04869387755102041,0.016326530612244896
3400,34701,721.0,389.0,391.04,252.57,968.0,0.04869387755102041,0.016326530612244896
3500,35727,528.0,304.0,374.67,252.29,968.0,0.04869387755102041,0.016326530612244896
3600,36707,262.0,190.0,351.87,230.27,968.0,0.04869387755102041,0.016326530612244896
3700,37814,126.0,126.0,424.4,292.9,968.0,0.048530612244897964,0.018367346938775512
3800,39004,390.0,156.0,358.06,225.49,968.0,0.048530612244897964,0.018367346938775512
3900,40169,216.0,159.0,389.11,260.67,1219.0,0.048530612244897964,0.018367346938775512
4000,41252,465.0,213.0,402.08,274.67,1219.0,0.048367346938775514,0.020408163265306124
4100,42255,521.0,429.0,427.6,286.12,1219.0,0.048367346938775514,0.020408163265306124
4200,43252,529.0,243.0,436.44,300.16,1219.0,0.048367346938775514,0.020408163265306124
4300,44236,535.0,263.0,416.3,286.68,1219.0,0.048367346938775514,0.020408163265306124
4400,45225,393.0,347.0,398.07,281.64,1219.0,0.048204081632653065,0.022448979591836737
4500,46222,280.0,218.0,424.22,308.38,1219.0,0.048204081632653065,0.022448979591836737
4600,47282,213.0,162.0,432.99,294.98,1219.0,0.048204081632653065,0.022448979591836737
4700,48300,560.0,432.0,474.69,339.13,1547.0,0.048204081632653065,0.022448979591836737
4800,49352,596.0,455.0,471.58,330.28,1547.0,0.048040816326530615,0.02448979591836735
4900,50263,335.0,217.0,453.64,321.8,1547.0,0.048040816326530615,0.02448979591836735
5000,51162,702.0,406.0,506.94,373.21,1547.0,0.048040816326530615,0.02448979591836735
5100,52064,505.0,239.0,478.51,346.43,1547.0,0.048040816326530615,0.02448979591836735
5200,52916,294.0,226.0,471.39,349.41,1547.0,0.048040816326530615,0.02448979591836735
5300,53744,339.0,323.0,479.25,350.54,1547.0,0.047877551020408166,0.02653061224489796
5400,54599,404.0,240.0,487.38,358.23,1547.0,0.047877551020408166,0.02653061224489796
5500,55472,203.0,179.0,432.23,325.35,1547.0,0.047877551020408166,0.02653061224489796
5600,56342,583.0,487.0,471.58,358.9,1547.0,0.047877551020408166,0.02653061224489796
5700,57201,319.0,295.0,496.19,356.13,1547.0,0.047877551020408166,0.02653061224489796
5800,58138,664.0,452.0,484.54,332.5,1547.0,0.047714285714285716,0.02857142857142857
5900,59113,248.0,248.0,484.55,352.79,1547.0,0.047714285714285716,0.02857142857142857
6000,60078,284.0,284.0,484.55,358.02,1547.0,0.047714285714285716,0.02857142857142857
6100,61043,708.0,448.0,493.2,356.45,1547.0,0.047714285714285716,0.02857142857142857
6200,61953,563.0,563.0,496.6,369.94,1547.0,0.047551020408163266,0.030612244897959186
6300,62867,211.0,143.0,558.6,398.76,1759.0,0.047551020408163266,0.030612244897959186
6400,63799,531.0,323.0,569.86,404.75,1759.0,0.047551020408163266,0.030612244897959186
6500,64685,466.0,302.0,496.9,390.26,1759.0,0.047551020408163266,0.030612244897959186
6600,65585,1014.0,822.0,538.25,387.14,1759.0,0.04738775510204082,0.03265306122448979
6700,66553,651.0,431.0,545.91,372.62,1759.0,0.04738775510204082,0.03265306122448979
6800,67536,679.0,427.0,555.61,392.36,1759.0,0.04738775510204082,0.03265306122448979
6900,68467,1202.0,787.0,563.04,404.37,1759.0,0.04738775510204082,0.03265306122448979
7000,69442,278.0,278.0,527.77,388.23,1759.0,0.04738775510204082,0.03265306122448979
7100,70486,303.0,259.0,543.98,390.42,1759.0,0.04722448979591837,0.03469387755102041
7200,71543,932.0,716.0,525.48,398.66,1759.0,0.04722448979591837,0.03469387755102041
7300,72656,584.0,476.0,552.19,402.3,1759.0,0.04722448979591837,0.03469387755102041
7400,73736,199.0,199.0,541.72,397.71,1759.0,0.04706122448979592,0.036734693877551024
7500,74737,996.0,768.0,552.89,402.25,1759.0,0.04706122448979592,0.036734693877551024
7600,75724,587.0,559.0,528.9,388.41,1759.0,0.04706122448979592,0.036734693877551024
7700,76737,822.0,594.0,560.35,422.55,1759.0,0.04706122448979592,0.036734693877551024
7800,77737,934.0,612.0,544.61,407.96,1759.0,0.04706122448979592,0.036734693877551024
7900,78692,876.0,580.0,531.35,390.76,1759.0,0.046897959183673475,0.03877551020408163
8000,79732,276.0,268.0,572.49,422.23,1759.0,0.046897959183673475,0.03877551020408163
8100,80746,596.0,336.0,583.95,426.16,1759.0,0.046897959183673475,0.03877551020408163
8200,81722,523.0,451.0,599.63,434.84,1759.0,0.046897959183673475,0.03877551020408163
8300,82666,825.0,667.0,568.08,423.93,1759.0,0.046734693877551026,0.04081632653061225
8400,83619,471.0,183.0,611.43,446.6,1759.0,0.046734693877551026,0.04081632653061225
8500,84535,287.0,279.0,555.53,412.74,1759.0,0.046734693877551026,0.04081632653061225
8600,85477,352.0,314.0,516.42,397.78,1759.0,0.046734693877551026,0.04081632653061225
8700,86391,771.0,563.0,632.05,480.88,1759.0,0.046571428571428576,0.04285714285714286
8800,87300,491.0,211.0,625.16,469.56,1759.0,0.046571428571428576,0.04285714285714286
8900,88176,445.0,445.0,564.19,452.14,1759.0,0.046571428571428576,0.04285714285714286
9000,89066,503.0,491.0,617.29,446.88,1759.0,0.046571428571428576,0.04285714285714286
9100,89960,324.0,324.0,580.3,431.5,1759.0,0.046571428571428576,0.04285714285714286
9200,90860,517.0,491.0,633.05,470.29,1759.0,0.04640816326530613,0.04489795918367347
9300,91760,490.0,347.0,631.52,489.25,1759.0,0.04640816326530613,0.04489795918367347
9400,92689,518.0,450.0,676.59,505.4,1759.0,0.04640816326530613,0.04489795918367347
9500,93631,855.0,587.0,596.22,464.63,1759.0,0.04640816326530613,0.04489795918367347
9600,94532,267.0,203.0,639.62,484.16,1759.0,0.04624489795918368,0.04693877551020409
9700,95407,551.0,459.0,614.67,461.12,1759.0,0.04624489795918368,0.04693877551020409
9800,96299,1255.0,311.0,697.68,523.72,1759.0,0.04624489795918368,0.04693877551020409
9900,97229,660.0,476.0,643.88,479.75,1759.0,0.04624489795918368,0.04693877551020409
10000,98117,464.0,432.0,702.04,515.85,1759.0,0.04624489795918368,0.04693877551020409
10100,98989,279.0,263.0,644.75,502.16,1759.0,0.04608163265306123,0.0489795918367347
10200,99889,879.0,599.0,667.44,510.62,1759.0,0.04608163265306123,0.0489795918367347
10300,100753,286.0,246.0,663.73,519.13,1759.0,0.04608163265306123,0.0489795918367347
10400,101619,827.0,524.0,688.81,513.84,1759.0,0.04608163265306123,0.0489795918367347
10500,102495,787.0,519.0,644.68,494.18,1759.0,0.04591836734693878,0.05102040816326531
10600,103421,692.0,692.0,657.44,500.88,1759.0,0.04591836734693878,0.05102040816326531
10700,104314,1283.0,732.0,712.36,555.54,1759.0,0.04591836734693878,0.05102040816326531
10800,105232,1531.0,1027.0,752.32,572.94,1759.0,0.04591836734693878,0.05102040816326531
10900,106175,923.0,611.0,652.51,501.37,1759.0,0.04591836734693878,0.05102040816326531
11000,107065,863.0,787.0,742.01,566.09,1759.0,0.04575510204081633,0.05306122448979592
11100,107974,723.0,455.0,686.35,540.95,1759.0,0.04575510204081633,0.05306122448979592
11200,108849,508.0,460.0,741.92,568.92,1759.0,0.04575510204081633,0.05306122448979592
11300,109798,815.0,535.0,757.02,572.1,1759.0,0.04575510204081633,0.05306122448979592
11400,110708,503.0,380.0,713.13,543.22,1759.0,0.04559183673469388,0.055102040816326525
11500,111672,1316.0,760.0,762.22,576.6,1759.0,0.04559183673469388,0.055102040816326525
11600,112623,799.0,583.0,734.25,560.56,1759.0,0.04559183673469388,0.055102040816326525
11700,113606,334.0,287.0,687.81,541.13,1759.0,0.04559183673469388,0.055102040816326525
11800,114562,486.0,482.0,741.73,565.81,1759.0,0.04559183673469388,0.055102040816326525
11900,115495,992.0,668.0,748.09,572.45,1759.0,0.04542857142857143,0.05714285714285714
12000,116485,480.0,480.0,808.54,611.41,1759.0,0.04542857142857143,0.05714285714285714
12100,117436,706.0,504.0,759.58,586.45,1759.0,0.04542857142857143,0.05714285714285714
12200,118383,447.0,353.0,733.02,577.7,1759.0,0.04542857142857143,0.05714285714285714
12300,119301,844.0,644.0,723.0,559.26,1759.0,0.04526530612244898,0.05918367346938776
12400,120206,548.0,548.0,732.41,572.81,1759.0,0.04526530612244898,0.05918367346938776
12500,121111,346.0,308.0,713.35,554.32,1759.0,0.04526530612244898,0.05918367346938776
12600,122024,912.0,620.0,763.56,581.6,1759.0,0.04526530612244898,0.05918367346938776
12700,122968,1000.0,636.0,795.32,621.94,1759.0,0.04510204081632653,0.06122448979591837
12800,123917,639.0,315.0,848.09,652.98,1759.0,0.04510204081632653,0.06122448979591837
12900,124850,420.0,376.0,790.79,608.43,1759.0,0.04510204081632653,0.06122448979591837
13000,125784,452.0,348.0,763.06,588.59,1759.0,0.04510204081632653,0.06122448979591837
13100,126701,473.0,445.0,749.4,592.58,1759.0,0.04510204081632653,0.06122448979591837
13200,127656,481.0,407.0,768.02,593.72,1792.0,0.04493877551020409,0.06326530612244899
13300,128552,580.0,580.0,775.1,610.4,1792.0,0.04493877551020409,0.06326530612244899
13400,129498,1396.0,1072.0,778.05,608.94,1792.0,0.04493877551020409,0.06326530612244899
13500,130448,650.0,506.0,768.04,598.24,1792.0,0.04493877551020409,0.06326530612244899
13600,131418,615.0,536.0,805.95,622.99,1792.0,0.04477551020408163,0.06530612244897958
13700,132420,1051.0,731.0,803.56,630.09,1792.0,0.04477551020408163,0.06530612244897958
13800,133423,298.0,286.0,781.77,613.16,1792.0,0.04477551020408163,0.06530612244897958
13900,134480,892.0,696.0,767.8,589.18,1792.0,0.04477551020408163,0.06530612244897958
14000,135460,992.0,928.0,787.49,620.3,1792.0,0.04461224489795919,0.0673469387755102
14100,136366,881.0,559.0,836.01,643.16,1792.0,0.04461224489795919,0.0673469387755102
14200,137249,487.0,439.0,902.12,707.12,1984.0,0.04461224489795919,0.0673469387755102
14300,138158,1863.0,1559.0,785.84,609.02,1984.0,0.04461224489795919,0.0673469387755102
14400,139069,793.0,712.0,832.7,645.04,1984.0,0.04461224489795919,0.0673469387755102
14500,140027,420.0,352.0,780.02,598.46,1984.0,0.04444897959183674,0.06938775510204082
14600,141001,380.0,380.0,800.18,626.01,1984.0,0.04444897959183674,0.06938775510204082
14700,141995,559.0,311.0,809.94,613.28,1984.0,0.04444897959183674,0.06938775510204082
14800,142958,646.0,486.0,829.73,646.35,1984.0,0.04444897959183674,0.06938775510204082
14900,143967,982.0,599.0,805.75,641.67,1984.0,0.04428571428571429,0.07142857142857144
15000,144980,791.0,575.0,822.93,647.52,1984.0,0.04428571428571429,0.07142857142857144
15100,145953,988.0,660.0,803.7,609.17,1984.0,0.04428571428571429,0.07142857142857144
15200,146932,961.0,663.0,835.07,663.46,1984.0,0.04428571428571429,0.07142857142857144
15300,147935,851.0,603.0,826.68,637.86,1984.0,0.04412244897959184,0.07346938775510205
15400,148868,1536.0,964.0,887.28,680.31,1984.0,0.04412244897959184,0.07346938775510205
15500,149791,1836.0,1464.0,810.92,619.59,1984.0,0.04412244897959184,0.07346938775510205
15600,150723,464.0,444.0,829.44,641.64,1984.0,0.04412244897959184,0.07346938775510205
15700,151685,819.0,759.0,861.68,675.12,1984.0,0.04395918367346939,0.07551020408163266
15800,152651,499.0,487.0,861.55,677.48,1984.0,0.04395918367346939,0.07551020408163266
15900,153652,1128.0,840.0,879.76,672.9,1984.0,0.04395918367346939,0.07551020408163266
16000,154607,843.0,499.0,886.83,698.32,1984.0,0.04395918367346939,0.07551020408163266
16100,155646,495.0,435.0,868.24,657.65,1984.0,0.04395918367346939,0.07551020408163266
16200,156617,1692.0,1108.0,840.09,633.97,1984.0,0.04379591836734694,0.07755102040816327
16300,157567,708.0,603.0,851.47,657.9,1984.0,0.04379591836734694,0.07755102040816327
16400,158515,504.0,440.0,824.68,624.07,1984.0,0.04379591836734694,0.07755102040816327
16500,159487,1396.0,900.0,889.4,679.74,1984.0,0.04379591836734694,0.07755102040816327
16600,160451,1312.0,796.0,859.81,659.1,1984.0,0.04363265306122449,0.07959183673469389
16700,161391,824.0,596.0,870.97,654.71,2024.0,0.04363265306122449,0.07959183673469389
16800,162375,954.0,684.0,857.82,661.52,2024.0,0.04363265306122449,0.07959183673469389
16900,163322,1080.0,776.0,885.57,681.73,2024.0,0.04363265306122449,0.07959183673469389
17000,164316,1155.0,827.0,850.08,661.32,2024.0,0.04346938775510204,0.0816326530612245
17100,165308,1301.0,1053.0,849.95,654.12,2024.0,0.04346938775510204,0.0816326530612245
17200,166278,1092.0,776.0,846.69,644.39,2024.0,0.04346938775510204,0.0816326530612245
17300,167252,944.0,680.0,845.87,644.76,2024.0,0.04346938775510204,0.0816326530612245
17400,168195,972.0,672.0,875.98,668.74,2024.0,0.04330612244897959,0.0836734693877551
17500,169160,932.0,864.0,937.11,710.67,2024.0,0.04330612244897959,0.0836734693877551
17600,170117,764.0,628.0,906.89,692.3,2024.0,0.04330612244897959,0.0836734693877551
17700,171094,1008.0,920.0,807.07,626.91,2024.0,0.04330612244897959,0.0836734693877551
17800,172025,916.0,594.0,906.77,698.49,2024.0,0.04330612244897959,0.0836734693877551
17900,172853,880.0,848.0,895.0,704.12,2024.0,0.04314285714285714,0.08571428571428572
18000,173713,484.0,484.0,906.18,694.35,2024.0,0.04314285714285714,0.08571428571428572
18100,174544,580.0,496.0,922.46,690.75,2024.0,0.04314285714285714,0.08571428571428572
18200,175394,583.0,548.0,856.47,667.7,2048.0,0.04314285714285714,0.08571428571428572
18300,176227,654.0,549.0,874.28,674.41,2048.0,0.04297959183673469,0.08775510204081632
18400,177118,1212.0,1000.0,914.51,686.42,2048.0,0.04297959183673469,0.08775510204081632
18500,178017,339.0,335.0,876.99,680.37,2048.0,0.04297959183673469,0.08775510204081632
18600,178896,363.0,312.0,907.03,673.24,2048.0,0.04297959183673469,0.08775510204081632
18700,179751,505.0,457.0,840.91,658.85,2048.0,0.04297959183673469,0.08775510204081632
18800,180629,497.0,401.0,924.41,712.74,2048.0,0.04281632653061225,0.08979591836734695
18900,181529,688.0,564.0,905.82,681.71,2048.0,0.04281632653061225,0.08979591836734695
19000,182472,708.0,592.0,879.02,660.19,2048.0,0.04281632653061225,0.08979591836734695
19100,183374,476.0,476.0,904.77,690.79,2048.0,0.04281632653061225,0.08979591836734695
19200,184252,591.0,591.0,867.14,672.98,2048.0,0.04281632653061225,0.08979591836734695
19300,185170,604.0,519.0,936.66,700.3,2048.0,0.0426530612244898,0.09183673469387756
19400,186047,840.0,714.0,928.91,707.5,2048.0,0.0426530612244898,0.09183673469387756
19500,186935,996.0,728.0,913.38,690.1,2048.0,0.0426530612244898,0.09183673469387756
19600,187830,1212.0,796.0,942.12,703.31,2048.0,0.0426530612244898,0.09183673469387756
19700,188754,624.0,584.0,914.2,686.65,2048.0,0.04248979591836735,0.09387755102040818
19800,189649,806.0,624.0,838.64,659.45,2048.0,0.04248979591836735,0.09387755102040818
19900,190523,1272.0,888.0,919.09,703.41,2048.0,0.04248979591836735,0.09387755102040818
20000,191398,871.0,579.0,903.9,692.28,2048.0,0.04248979591836735,0.09387755102040818
20100,192275,1188.0,904.0,936.47,725.3,2048.0,0.04248979591836735,0.09387755102040818
20200,193182,677.0,677.0,932.36,711.96,2064.0,0.0423265306122449,0.09591836734693877
20300,194088,1208.0,900.0,895.18,681.76,2064.0,0.0423265306122449,0.09591836734693877
20400,195017,628.0,576.0,856.83,661.9,2064.0,0.0423265306122449,0.09591836734693877
20500,195913,960.0,852.0,888.84,677.53,2064.0,0.0423265306122449,0.09591836734693877
20600,196866,2304.0,1340.0,956.8,729.81,2064.0,0.04216326530612245,0.0979591836734694
20700,197780,1180.0,864.0,961.82,712.95,2064.0,0.04216326530612245,0.0979591836734694
20800,198701,859.0,732.0,931.09,704.19,2120.0,0.04216326530612245,0.0979591836734694
20900,199672,930.0,660.0,983.3,760.64,2120.0,0.04216326530612245,0.0979591836734694
21000,200596,916.0,652.0,931.67,714.99,2120.0,0.04216326530612245,0.0979591836734694
21100,201647,940.0,704.0,846.4,673.2,2120.0,0.042,0.1
21200,202623,676.0,676.0,962.27,730.95,2120.0,0.042,0.1
21300,203629,860.0,632.0,907.25,680.25,2120.0,0.042,0.1
21400,204620,288.0,288.0,932.79,699.96,2120.0,0.042,0.1
21500,205632,859.0,799.0,946.4,717.08,2120.0,0.04183673469387755,0.1
21600,206599,500.0,256.0,934.8,697.51,2120.0,0.04183673469387755,0.1
21700,207581,645.0,605.0,863.44,680.15,2120.0,0.04183673469387755,0.1
21800,208559,1503.0,1199.0,935.98,716.95,2120.0,0.04183673469387755,0.1
21900,209537,1282.0,755.0,1001.35,746.94,2120.0,0.041673469387755104,0.1
22000,210504,752.0,632.0,987.77,730.34,2142.0,0.041673469387755104,0.1
22100,211468,840.0,632.0,912.22,710.86,2142.0,0.041673469387755104,0.1
22200,212453,857.0,535.0,984.37,742.11,2142.0,0.041673469387755104,0.1
22300,213402,1020.0,956.0,901.21,680.02,2142.0,0.041510204081632654,0.1
22400,214325,2082.0,1316.0,975.58,752.86,2142.0,0.041510204081632654,0.1
22500,215295,964.0,892.0,904.52,693.59,2142.0,0.041510204081632654,0.1
22600,216252,1296.0,980.0,961.9,722.16,2142.0,0.041510204081632654,0.1
22700,217195,832.0,576.0,950.67,711.84,2142.0,0.041346938775510204,0.1
22800,218121,884.0,644.0,952.74,706.62,2142.0,0.041346938775510204,0.1
22900,219037,1452.0,912.0,955.76,708.27,2142.0,0.041346938775510204,0.1
23000,219959,912.0,628.0,958.25,707.17,2142.0,0.041346938775510204,0.1
23100,220893,946.0,612.0,1018.18,761.14,2142.0,0.041346938775510204,0.1
23200,221882,1152.0,664.0,966.04,727.83,2142.0,0.041183673469387755,0.1
23300,222832,1099.0,871.0,903.13,687.58,2142.0,0.041183673469387755,0.1
23400,223789,754.0,480.0,920.08,691.12,2142.0,0.041183673469387755,0.1
23500,224690,680.0,436.0,1011.77,765.55,2142.0,0.041183673469387755,0.1
23600,225696,872.0,604.0,908.6,696.74,2142.0,0.04102040816326531,0.1
23700,226719,975.0,775.0,964.19,725.91,2142.0,0.04102040816326531,0.1
23800,227774,788.0,596.0,952.37,710.99,2142.0,0.04102040816326531,0.1
23900,228764,808.0,560.0,955.16,698.97,2142.0,0.04102040816326531,0.1
24000,229752,1300.0,916.0,969.12,722.66,2142.0,0.040857142857142856,0.1
24100,230729,668.0,640.0,945.64,721.67,2142.0,0.040857142857142856,0.1
24200,231788,1064.0,788.0,1014.05,773.59,2201.0,0.040857142857142856,0.1
24300,232748,557.0,408.0,993.19,745.68,2201.0,0.040857142857142856,0.1
24400,233731,627.0,447.0,905.09,686.95,2201.0,0.04069387755102041,0.1
24500,234702,716.0,656.0,977.83,736.49,2201.0,0.04069387755102041,0.1
24600,235666,1232.0,628.0,994.86,744.76,2201.0,0.04069387755102041,0.1
24700,236626,1210.0,888.0,1026.35,761.11,2201.0,0.04069387755102041,0.1
24800,237582,1584.0,1332.0,932.72,697.59,2201.0,0.040530612244897964,0.1
24900,238557,588.0,508.0,976.54,731.67,2201.0,0.040530612244897964,0.1
25000,239487,1124.0,888.0,1021.9,746.49,2201.0,0.040530612244897964,0.1
25100,240384,1402.0,844.0,922.43,698.66,2201.0,0.040530612244897964,0.1
25200,241318,528.0,440.0,910.95,690.85,2201.0,0.040530612244897964,0.1
25300,242320,776.0,776.0,941.87,703.85,2201.0,0.040367346938775514,0.1
25400,243285,776.0,776.0,961.08,729.15,2201.0,0.040367346938775514,0.1
25500,244242,940.0,580.0,921.36,689.59,2201.0,0.040367346938775514,0.1
25600,245246,1500.0,992.0,934.88,707.71,2201.0,0.040367346938775514,0.1
25700,246258,960.0,664.0,977.8,731.06,2201.0,0.040204081632653065,0.1
25800,247222,1028.0,764.0,886.34,675.09,2201.0,0.040204081632653065,0.1
25900,248238,566.0,420.0,916.04,694.65,2201.0,0.040204081632653065,0.1
26000,249213,660.0,612.0,946.96,713.58,2201.0,0.040204081632653065,0.1
26100,250197,1633.0,1136.0,911.26,688.79,2201.0,0.040040816326530615,0.1
26200,251133,808.0,656.0,891.33,689.99,2201.0,0.040040816326530615,0.1
26300,252165,1255.0,939.0,935.7,729.4,2201.0,0.040040816326530615,0.1
26400,253115,736.0,668.0,1015.54,767.93,2201.0,0.040040816326530615,0.1
26500,254103,1164.0,868.0,942.43,712.17,2201.0,0.039877551020408165,0.1
26600,254976,400.0,400.0,906.25,687.31,2201.0,0.039877551020408165,0.1
26700,255910,1063.0,739.0,973.61,724.62,2201.0,0.039877551020408165,0.1
26800,256779,892.0,540.0,935.27,720.99,2201.0,0.039877551020408165,0.1
26900,257651,1107.0,920.0,928.52,714.08,2201.0,0.039877551020408165,0.1
27000,258529,916.0,812.0,875.93,670.19,2201.0,0.039714285714285716,0.1
27100,259421,596.0,532.0,937.65,715.65,2201.0,0.039714285714285716,0.1
27200,260333,416.0,348.0,949.06,719.5,2201.0,0.039714285714285716,0.1
27300,261223,888.0,676.0,963.42,725.1,2201.0,0.039714285714285716,0.1
27400,262139,684.0,620.0,992.39,730.63,2201.0,0.039714285714285716,0.1
27500,263051,1307.0,892.0,879.24,668.02,2201.0,0.039551020408163266,0.1
27600,263924,1316.0,912.0,996.12,735.32,2201.0,0.039551020408163266,0.1
27700,264873,1884.0,1884.0,955.7,722.11,2201.0,0.039551020408163266,0.1
27800,265779,1256.0,1008.0,995.25,742.7,2201.0,0.039551020408163266,0.1
27900,266662,1454.0,1014.0,949.07,731.94,2201.0,0.03938775510204082,0.1
28000,267588,1019.0,639.0,993.64,725.76,2201.0,0.03938775510204082,0.1
28100,268561,890.0,588.0,961.43,731.29,2201.0,0.03938775510204082,0.1
28200,269459,456.0,456.0,850.54,647.99,2201.0,0.03938775510204082,0.1
28300,270366,2544.0,1504.0,1038.98,770.87,2201.0,0.03922448979591837,0.1
28400,271261,1134.0,808.0,875.62,667.92,2201.0,0.03922448979591837,0.1
28500,272138,500.0,500.0,953.55,726.56,2201.0,0.03922448979591837,0.1
28600,273030,923.0,612.0,949.37,722.76,2201.0,0.03922448979591837,0.1
28700,273921,648.0,648.0,962.84,719.42,2201.0,0.03922448979591837,0.1
28800,274818,592.0,520.0,947.65,707.54,2201.0,0.03906122448979592,0.1
28900,275682,1287.0,840.0,1028.11,757.48,2201.0,0.03906122448979592,0.1
29000,276575,1728.0,1192.0,983.22,735.75,2201.0,0.03906122448979592,0.1
29100,277491,799.0,528.0,963.71,749.71,2201.0,0.03906122448979592,0.1
29200,278373,1485.0,1085.0,948.13,720.81,2201.0,0.03906122448979592,0.1
29300,279307,756.0,460.0,918.13,708.11,2201.0,0.038897959183673475,0.1
29400,280239,1051.0,964.0,932.43,700.64,2201.0,0.038897959183673475,0.1
29500,281186,1043.0,980.0,991.09,734.84,2201.0,0.038897959183673475,0.1
29600,282206,827.0,595.0,951.7,709.05,2201.0,0.038897959183673475,0.1
29700,283169,2692.0,1520.0,963.4,717.52,2201.0,0.038734693877551025,0.1
29800,284145,823.0,727.0,955.61,720.71,2256.0,0.038734693877551025,0.1
29900,285161,1003.0,791.0,990.38,737.17,2256.0,0.038734693877551025,0.1
30000,286134,999.0,843.0,992.47,720.72,2256.0,0.038734693877551025,0.1
30100,287086,896.0,584.0,922.44,702.49,2256.0,0.038571428571428576,0.1
30200,287985,1075.0,672.0,946.29,707.74,2256.0,0.038571428571428576,0.1
30300,288932,1464.0,1016.0,939.17,715.55,2256.0,0.038571428571428576,0.1
30400,289864,792.0,604.0,1007.35,739.87,2256.0,0.038571428571428576,0.1
30500,290807,1108.0,1036.0,944.01,720.95,2256.0,0.038571428571428576,0.1
30600,291743,1728.0,1088.0,942.3,698.42,2256.0,0.038408163265306126,0.1
30700,292650,284.0,284.0,907.19,693.17,2256.0,0.038408163265306126,0.1
30800,293563,1128.0,884.0,1025.86,748.47,2256.0,0.038408163265306126,0.1
30900,294471,2840.0,1700.0,974.96,734.76,2256.0,0.038408163265306126,0.1
31000,295358,526.0,404.0,945.17,716.46,2256.0,0.03824489795918368,0.1
31100,296261,916.0,748.0,1041.62,773.25,2256.0,0.03824489795918368,0.1
31200,297191,400.0,400.0,914.06,709.94,2256.0,0.03824489795918368,0.1
31300,298104,924.0,636.0,857.09,656.96,2256.0,0.03824489795918368,0.1
31400,299027,692.0,624.0,938.49,718.11,2256.0,0.03808163265306123,0.1
31500,299895,807.0,663.0,970.55,718.9,2256.0,0.03808163265306123,0.1
31600,300811,1328.0,876.0,990.84,749.76,2256.0,0.03808163265306123,0.1
31700,301781,188.0,172.0,926.4,702.49,2256.0,0.03808163265306123,0.1
31800,302710,807.0,503.0,966.8,717.43,2256.0,0.03808163265306123,0.1
31900,303646,916.0,812.0,1046.55,770.64,2256.0,0.03791836734693878,0.1
32000,304546,1376.0,1128.0,951.58,710.05,2256.0,0.03791836734693878,0.1
32100,305534,419.0,331.0,968.05,738.24,2256.0,0.03791836734693878,0.1
32200,306489,789.0,664.0,903.27,691.47,2256.0,0.03791836734693878,0.1
32300,307396,252.0,252.0,948.98,743.31,2512.0,0.03775510204081633,0.1
32400,308256,632.0,568.0,976.0,737.03,2512.0,0.03775510204081633,0.1
32500,309142,411.0,331.0,918.17,696.94,2512.0,0.03775510204081633,0.1
32600,310019,263.0,227.0,981.44,729.76,2512.0,0.03775510204081633,0.1
32700,310875,780.0,684.0,953.6,731.27,2512.0,0.03775510204081633,0.1
32800,311775,716.0,636.0,934.21,709.63,2512.0,0.03759183673469388,0.1
32900,312725,1796.0,1268.0,949.34,703.6,2512.0,0.03759183673469388,0.1
33000,313676,1256.0,888.0,1029.84,762.18,2512.0,0.03759183673469388,0.1
33100,314622,944.0,864.0,937.46,716.78,2512.0,0.03759183673469388,0.1
33200,315541,984.0,972.0,925.9,707.19,2512.0,0.03742857142857143,0.1
33300,316484,926.0,572.0,955.12,716.6,2512.0,0.03742857142857143,0.1
33400,317446,1480.0,908.0,982.6,740.71,2512.0,0.03742857142857143,0.1
33500,318390,847.0,575.0,957.14,721.93,2512.0,0.03742857142857143,0.1
33600,319365,736.0,600.0,998.54,740.73,2512.0,0.03742857142857143,0.1
33700,320304,1407.0,852.0,984.69,744.19,2512.0,0.03726530612244898,0.1
33800,321198,684.0,608.0,989.14,748.17,2512.0,0.03726530612244898,0.1
33900,322080,1014.0,736.0,939.55,728.39,2512.0,0.03726530612244898,0.1
34000,323063,1536.0,1140.0,980.83,730.51,2512.0,0.03726530612244898,0.1
34100,323966,1173.0,902.0,964.8,728.21,2512.0,0.03710204081632654,0.1
34200,324866,1396.0,1156.0,965.62,728.71,2512.0,0.03710204081632654,0.1
34300,325764,1344.0,832.0,997.96,746.78,2512.0,0.03710204081632654,0.1
34400,326674,1968.0,1112.0,989.98,743.66,2512.0,0.03710204081632654,0.1
34500,327651,643.0,643.0,975.59,765.42,2512.0,0.03710204081632654,0.1
34600,328608,536.0,536.0,974.06,749.58,2512.0,0.03693877551020409,0.1
34700,329525,930.0,744.0,966.34,735.62,2512.0,0.03693877551020409,0.1
34800,330486,1148.0,1128.0,988.82,735.5,2512.0,0.03693877551020409,0.1
34900,331463,904.0,620.0,906.94,697.73,2512.0,0.03693877551020409,0.1
35000,332476,1444.0,1036.0,971.05,748.29,2512.0,0.03677551020408164,0.1
35100,333364,1161.0,905.0,1015.61,763.49,2512.0,0.03677551020408164,0.1
35200,334351,1416.0,1028.0,973.88,736.18,2512.0,0.03677551020408164,0.1
35300,335319,1092.0,1092.0,1013.06,757.59,2512.0,0.03677551020408164,0.1
35400,336216,856.0,588.0,1072.64,790.76,2512.0,0.03661224489795918,0.1
35500,337093,1026.0,692.0,987.35,747.65,2512.0,0.03661224489795918,0.1
35600,338003,1304.0,960.0,983.13,738.64,2512.0,0.03661224489795918,0.1
35700,338938,1148.0,936.0,917.22,697.75,2512.0,0.03661224489795918,0.1
35800,339887,1416.0,1080.0,1031.49,778.49,2512.0,0.03661224489795918,0.1
35900,340828,1470.0,1104.0,982.27,755.73,2512.0,0.03644897959183674,0.1
36000,341770,922.0,642.0,953.8,710.14,2512.0,0.03644897959183674,0.1
36100,342766,950.0,544.0,923.37,706.53,2512.0,0.03644897959183674,0.1
36200,343736,952.0,712.0,1039.43,768.79,2512.0,0.03644897959183674,0.1
36300,344664,800.0,644.0,1047.95,769.36,2512.0,0.03628571428571429,0.1
36400,345515,784.0,644.0,983.72,734.66,2512.0,0.03628571428571429,0.1
36500,346425,408.0,308.0,999.22,744.48,2512.0,0.03628571428571429,0.1
36600,347396,415.0,395.0,988.83,740.95,2512.0,0.03628571428571429,0.1
36700,348263,1140.0,1048.0,1009.79,757.31,2512.0,0.03612244897959184,0.1
36800,349186,398.0,398.0,1012.31,768.29,2512.0,0.03612244897959184,0.1
36900,350053,755.0,600.0,983.98,750.57,2512.0,0.03612244897959184,0.1
37000,350961,1523.0,883.0,1018.58,768.13,2512.0,0.03612244897959184,0.1
37100,351873,804.0,664.0,976.07,732.2,2512.0,0.03612244897959184,0.1
37200,352758,848.0,728.0,940.07,721.21,2512.0,0.03595918367346939,0.1
37300,353653,823.0,511.0,943.82,720.33,2512.0,0.03595918367346939,0.1
37400,354501,625.0,531.0,1075.0,812.19,2512.0,0.03595918367346939,0.1
37500,355376,1120.0,868.0,927.87,706.15,2512.0,0.03595918367346939,0.1
37600,356348,404.0,356.0,981.21,752.22,2512.0,0.03595918367346939,0.1
37700,357200,1476.0,1080.0,920.69,725.47,2512.0,0.03579591836734694,0.1
37800,358108,483.0,363.0,984.84,738.18,2512.0,0.03579591836734694,0.1
37900,359002,2800.0,1704.0,933.69,713.39,2512.0,0.03579591836734694,0.1
38000,359847,1994.0,1342.0,907.41,707.16,2512.0,0.03579591836734694,0.1
38100,360760,1436.0,928.0,955.0,738.79,2512.0,0.03563265306122449,0.1
38200,361626,824.0,760.0,996.94,764.35,2512.0,0.03563265306122449,0.1
38300,362511,1252.0,1164.0,1020.25,778.67,2512.0,0.03563265306122449,0.1
38400,363410,1103.0,996.0,970.05,724.68,2512.0,0.03563265306122449,0.1
38500,364293,1064.0,668.0,1023.01,764.92,2512.0,0.03563265306122449,0.1
38600,365200,1135.0,791.0,899.18,679.09,2512.0,0.03546938775510204,0.1
38700,366127,716.0,628.0,944.63,714.49,2512.0,0.03546938775510204,0.1
38800,367089,984.0,776.0,916.69,700.88,2512.0,0.03546938775510204,0.1
38900,367989,1459.0,844.0,957.62,731.15,2512.0,0.03546938775510204,0.1
39000,368949,504.0,504.0,958.22,709.24,2512.0,0.03530612244897959,0.1
39100,369970,570.0,460.0,1021.26,750.45,2512.0,0.03530612244897959,0.1
39200,370990,732.0,624.0,975.47,747.21,2512.0,0.03530612244897959,0.1
39300,372011,1344.0,940.0,1049.02,784.62,2512.0,0.03530612244897959,0.1
39400,372973,723.0,543.0,982.68,735.93,2512.0,0.03514285714285714,0.1
39500,373927,404.0,352.0,959.11,707.52,2512.0,0.03514285714285714,0.1
39600,374828,1158.0,704.0,998.81,743.98,2512.0,0.03514285714285714,0.1
39700,375759,552.0,528.0,1026.96,776.29,2512.0,0.03514285714285714,0.1
39800,376691,964.0,688.0,1017.74,748.83,2512.0,0.03514285714285714,0.1
39900,377649,566.0,436.0,1050.16,784.45,2512.0,0.0349795918367347,0.1
40000,378576,1164.0,788.0,941.25,724.23,2512.0,0.0349795918367347,0.1
40100,379514,1511.0,1151.0,984.38,746.59,2512.0,0.0349795918367347,0.1
40200,380475,866.0,532.0,970.91,730.73,2512.0,0.0349795918367347,0.1
40300,381394,763.0,555.0,936.24,715.14,2512.0,0.03481632653061224,0.1
40400,382286,1092.0,740.0,987.02,728.89,2512.0,0.03481632653061224,0.1
40500,383167,1059.0,791.0,944.62,711.54,2512.0,0.03481632653061224,0.1
40600,384039,516.0,452.0,953.56,722.91,2512.0,0.03481632653061224,0.1
40700,384926,1388.0,1018.0,1046.17,771.65,2512.0,0.03481632653061224,0.1
40800,385864,819.0,563.0,968.43,723.52,2512.0,0.0346530612244898,0.1
40900,386835,920.0,708.0,1035.82,762.33,2512.0,0.0346530612244898,0.1
41000,387739,551.0,458.0,1002.3,756.19,2512.0,0.0346530612244898,0.1
41100,388624,1432.0,1096.0,1026.19,756.07,2512.0,0.0346530612244898,0.1
41200,389539,686.0,664.0,1004.77,756.16,2512.0,0.03448979591836735,0.1
41300,390526,1024.0,656.0,945.64,723.83,2512.0,0.03448979591836735,0.1
41400,391429,2042.0,1271.0,956.62,720.05,2512.0,0.03448979591836735,0.1
41500,392368,828.0,708.0,926.35,709.84,2512.0,0.03448979591836735,0.1
41600,393331,1572.0,1332.0,961.89,732.58,2512.0,0.0343265306122449,0.1
41700,394310,920.0,676.0,984.23,739.41,2512.0,0.0343265306122449,0.1
41800,395249,976.0,704.0,958.73,701.75,2512.0,0.0343265306122449,0.1
41900,396212,535.0,495.0,983.13,736.56,2512.0,0.0343265306122449,0.1
42000,397206,1214.0,958.0,1058.19,776.48,2512.0,0.0343265306122449,0.1
42100,398112,1440.0,1088.0,976.92,728.67,2512.0,0.03416326530612245,0.1
42200,399032,561.0,525.0,969.67,727.97,2512.0,0.03416326530612245,0.1
42300,400043,1100.0,824.0,961.15,715.67,2512.0,0.03416326530612245,0.1
42400,401040,1375.0,848.0,978.86,735.73,2512.0,0.03416326530612245,0.1
42500,401965,2440.0,1616.0,1000.69,767.71,2512.0,0.034,0.1
42600,402864,948.0,760.0,1022.44,760.14,2512.0,0.034,0.1
42700,403764,664.0,596.0,996.87,740.38,2512.0,0.034,0.1
42800,404708,934.0,600.0,930.64,693.83,2512.0,0.034,0.1
42900,405592,889.0,612.0,1055.56,774.4,2512.0,0.03383673469387755,0.1
43000,406507,476.0,420.0,956.93,725.0,2512.0,0.03383673469387755,0.1
43100,407596,920.0,684.0,953.48,718.06,2512.0,0.03383673469387755,0.1
43200,408508,1392.0,780.0,977.31,730.54,2512.0,0.03383673469387755,0.1
43300,409396,844.0,804.0,982.16,759.82,2512.0,0.03383673469387755,0.1
43400,410261,1588.0,1184.0,1001.75,734.33,2512.0,0.0336734693877551,0.1
43500,411146,1261.0,936.0,986.77,722.61,2512.0,0.0336734693877551,0.1
43600,412017,624.0,536.0,963.17,734.15,2512.0,0.0336734693877551,0.1
43700,412875,1173.0,884.0,952.93,704.26,2512.0,0.0336734693877551,0.1
43800,413732,1100.0,736.0,1015.08,758.04,2512.0,0.033510204081632654,0.1
43900,414716,420.0,360.0,996.34,749.43,2512.0,0.033510204081632654,0.1
44000,415650,504.0,460.0,979.38,738.07,2512.0,0.033510204081632654,0.1
44100,416559,1174.0,852.0,989.2,734.36,2512.0,0.033510204081632654,0.1
44200,417492,724.0,484.0,938.78,697.42,2512.0,0.033510204081632654,0.1
44300,418400,918.0,532.0,1007.76,748.77,2512.0,0.033346938775510204,0.1
44400,419307,736.0,552.0,921.66,690.34,2512.0,0.033346938775510204,0.1
44500,420236,1720.0,1104.0,981.79,745.64,2512.0,0.033346938775510204,0.1
44600,421135,2692.0,1488.0,1010.11,738.19,2512.0,0.033346938775510204,0.1
44700,422095,1263.0,755.0,1015.34,741.58,2512.0,0.03318367346938776,0.1
44800,422989,1084.0,812.0,965.09,723.63,2512.0,0.03318367346938776,0.1
44900,423854,960.0,880.0,997.1,754.49,2512.0,0.03318367346938776,0.1
45000,424735,764.0,684.0,942.19,727.17,2512.0,0.03318367346938776,0.1
45100,425621,560.0,560.0,936.04,698.73,2512.0,0.03318367346938776,0.1
45200,426508,1348.0,1052.0,948.03,733.5,2512.0,0.033020408163265305,0.1
45300,427415,920.0,792.0,992.69,747.4,2512.0,0.033020408163265305,0.1
45400,428351,702.0,487.0,979.87,732.4,2512.0,0.033020408163265305,0.1
45500,429231,958.0,594.0,997.49,746.29,2512.0,0.033020408163265305,0.1
45600,430108,919.0,571.0,991.06,751.62,2512.0,0.03285714285714286,0.1
45700,430977,694.0,580.0,998.75,746.82,2512.0,0.03285714285714286,0.1
45800,431828,1596.0,912.0,966.53,738.13,2512.0,0.03285714285714286,0.1
45900,432663,920.0,612.0,950.35,728.22,2512.0,0.03285714285714286,0.1
46000,433529,868.0,620.0,979.63,735.75,2512.0,0.03285714285714286,0.1
46100,434415,1241.0,840.0,961.7,724.71,2512.0,0.032693877551020406,0.1
46200,435340,580.0,580.0,945.05,709.18,2512.0,0.032693877551020406,0.1
46300,436285,511.0,411.0,1008.95,755.64,2512.0,0.032693877551020406,0.1
46400,437166,1275.0,771.0,1012.91,752.58,2512.0,0.032693877551020406,0.1
46500,438068,1406.0,909.0,983.92,736.66,2512.0,0.032693877551020406,0.1
46600,439011,463.0,356.0,917.11,705.38,2512.0,0.03253061224489796,0.1
46700,439940,652.0,620.0,966.89,742.73,2512.0,0.03253061224489796,0.1
46800,440885,1202.0,864.0,937.28,710.08,2512.0,0.03253061224489796,0.1
46900,441856,1300.0,792.0,1001.58,736.3,2512.0,0.03253061224489796,0.1
47000,442745,452.0,436.0,945.99,715.37,2512.0,0.03236734693877551,0.1
47100,443699,643.0,551.0,923.11,699.17,2512.0,0.03236734693877551,0.1
47200,444619,892.0,656.0,1004.35,759.41,2512.0,0.03236734693877551,0.1
47300,445519,1140.0,1012.0,981.97,741.96,2512.0,0.03236734693877551,0.1
47400,446432,1275.0,1068.0,1020.93,758.77,2512.0,0.03236734693877551,0.1
47500,447311,604.0,508.0,1005.74,746.63,2512.0,0.032204081632653064,0.1
47600,448216,861.0,708.0,977.36,728.36,2512.0,0.032204081632653064,0.1
47700,449105,1548.0,964.0,950.97,738.66,2512.0,0.032204081632653064,0.1
47800,450006,1039.0,551.0,989.6,743.24,2512.0,0.032204081632653064,0.1
47900,450903,1172.0,872.0,1060.57,778.44,2512.0,0.032040816326530615,0.1
48000,451793,796.0,556.0,1015.34,733.0,2512.0,0.032040816326530615,0.1
48100,452714,728.0,724.0,1012.59,748.62,2512.0,0.032040816326530615,0.1
48200,453632,1271.0,800.0,927.51,694.53,2512.0,0.032040816326530615,0.1
48300,454591,867.0,700.0,979.86,733.0,2512.0,0.032040816326530615,0.1
48400,455571,1113.0,799.0,957.31,717.27,2512.0,0.031877551020408165,0.1
48500,456563,802.0,713.0,964.43,713.11,2512.0,0.031877551020408165,0.1
48600,457483,1542.0,880.0,1002.28,743.21,2512.0,0.031877551020408165,0.1
48700,458454,1052.0,728.0,959.23,712.14,2512.0,0.031877551020408165,0.1
48800,459425,1228.0,944.0,939.51,708.15,2512.0,0.031714285714285716,0.1
48900,460406,894.0,556.0,1027.85,766.54,2512.0,0.031714285714285716,0.1
49000,461394,717.0,717.0,980.26,729.27,2512.0,0.031714285714285716,0.1
49100,462330,1173.0,856.0,1018.57,749.02,2512.0,0.031714285714285716,0.1
49200,463293,1132.0,1036.0,1014.24,760.02,2512.0,0.031551020408163266,0.1
49300,464189,1328.0,1024.0,959.45,725.05,2512.0,0.031551020408163266,0.1
49400,465114,615.0,480.0,1024.39,754.42,2512.0,0.031551020408163266,0.1
49500,466030,603.0,539.0,965.51,717.39,2512.0,0.031551020408163266,0.1
49600,466958,1386.0,1023.0,953.03,711.15,2512.0,0.031387755102040824,0.1
49700,467838,1228.0,904.0,965.07,709.62,2512.0,0.031387755102040824,0.1
49800,468748,437.0,357.0,1002.96,752.58,2512.0,0.031387755102040824,0.1
49900,469649,643.0,572.0,981.79,725.35,2512.0,0.031387755102040824,0.1
50000,470550,1208.0,924.0,998.22,749.66,2512.0,0.031387755102040824,0.1
50100,471530,1108.0,794.0,1042.24,752.35,2512.0,0.03122448979591837,0.1
50200,472504,1081.0,755.0,983.06,735.43,2512.0,0.03122448979591837,0.1
50300,473450,664.0,524.0,955.11,714.65,2512.0,0.03122448979591837,0.1
50400,474403,1116.0,876.0,994.27,738.28,2512.0,0.03122448979591837,0.1
50500,475388,884.0,636.0,949.01,734.32,2512.0,0.03106122448979592,0.1
50600,476424,1156.0,764.0,1028.37,764.92,2512.0,0.03106122448979592,0.1
50700,477422,1308.0,804.0,963.9,742.0,2512.0,0.03106122448979592,0.1
50800,478417,792.0,528.0,1031.24,775.14,2512.0,0.03106122448979592,0.1
50900,479429,768.0,652.0,1011.79,760.58,2512.0,0.03089795918367347,0.1
51000,480335,978.0,656.0,1084.65,792.22,2512.0,0.03089795918367347,0.1
51100,481265,496.0,404.0,983.18,736.07,2512.0,0.03089795918367347,0.1
51200,482196,876.0,636.0,953.5,709.99,2512.0,0.03089795918367347,0.1
51300,483079,600.0,560.0,966.59,736.51,2512.0,0.03089795918367347,0.1
51400,484029,1306.0,983.0,1023.15,756.95,2512.0,0.030734693877551022,0.1
51500,484982,483.0,399.0,1021.98,753.15,2512.0,0.030734693877551022,0.1
51600,485954,1004.0,648.0,936.77,713.18,2512.0,0.030734693877551022,0.1
51700,486987,1032.0,836.0,980.65,730.32,2512.0,0.030734693877551022,0.1
51800,487886,1040.0,920.0,951.09,718.97,2512.0,0.030571428571428572,0.1
51900,488842,412.0,400.0,1002.74,744.3,2728.0,0.030571428571428572,0.1
52000,489772,816.0,628.0,1027.2,755.02,2728.0,0.030571428571428572,0.1
52100,490698,592.0,380.0,1024.12,757.95,2728.0,0.030571428571428572,0.1
52200,491648,1279.0,795.0,956.37,708.06,2728.0,0.030408163265306126,0.1
52300,492674,1187.0,996.0,1069.41,788.76,2728.0,0.030408163265306126,0.1
52400,493704,1750.0,1240.0,1002.06,746.71,2728.0,0.030408163265306126,0.1
52500,494693,656.0,592.0,1016.76,745.58,2728.0,0.030408163265306126,0.1
52600,495695,1180.0,808.0,980.64,735.05,2728.0,0.030244897959183677,0.1
52700,496619,452.0,372.0,966.0,738.66,2728.0,0.030244897959183677,0.1
52800,497583,528.0,528.0,987.3,735.16,2728.0,0.030244897959183677,0.1
52900,498527,1308.0,936.0,1007.81,743.52,2728.0,0.030244897959183677,0.1
53000,499489,1176.0,912.0,980.59,731.32,2728.0,0.030244897959183677,0.1
53100,500437,1326.0,727.0,1016.53,753.71,2728.0,0.030081632653061227,0.1
53200,501410,1760.0,1204.0,1047.94,787.07,2728.0,0.030081632653061227,0.1
53300,502361,1094.0,718.0,977.75,739.29,2728.0,0.030081632653061227,0.1
53400,503306,856.0,588.0,909.69,675.51,2728.0,0.030081632653061227,0.1
53500,504285,1196.0,1088.0,981.22,746.85,2728.0,0.029918367346938778,0.1
53600,505265,889.0,695.0,1046.45,768.21,2728.0,0.029918367346938778,0.1
53700,506238,628.0,444.0,1016.36,739.92,2728.0,0.029918367346938778,0.1
53800,507244,1076.0,740.0,941.9,700.31,2728.0,0.029918367346938778,0.1
53900,508273,1187.0,739.0,956.61,709.93,2728.0,0.02975510204081633,0.1
54000,509310,897.0,587.0,999.57,754.43,2728.0,0.02975510204081633,0.1
54100,510298,991.0,595.0,969.14,716.66,2728.0,0.02975510204081633,0.1
54200,511278,459.0,384.0,947.43,693.68,2728.0,0.02975510204081633,0.1
54300,512309,312.0,304.0,989.26,726.36,2728.0,0.02959183673469388,0.1
54400,513359,784.0,700.0,1026.15,771.3,2728.0,0.02959183673469388,0.1
54500,514393,733.0,608.0,968.31,719.38,2728.0,0.02959183673469388,0.1
54600,515430,1232.0,856.0,958.41,715.86,2728.0,0.02959183673469388,0.1
54700,516411,824.0,608.0,969.66,737.65,2728.0,0.029428571428571432,0.1
54800,517463,596.0,460.0,1007.29,756.12,2728.0,0.029428571428571432,0.1
54900,518389,432.0,364.0,1043.32,774.29,2728.0,0.029428571428571432,0.1
55000,519445,1116.0,832.0,1009.73,737.67,2728.0,0.029428571428571432,0.1
55100,520476,1068.0,780.0,926.61,699.88,2728.0,0.029265306122448983,0.1
55200,521521,478.0,372.0,979.7,734.97,2728.0,0.029265306122448983,0.1
55300,522485,1200.0,836.0,938.62,672.65,2728.0,0.029265306122448983,0.1
55400,523507,516.0,516.0,962.49,711.93,2728.0,0.029265306122448983,0.1
55500,524500,1158.0,878.0,993.54,730.41,2728.0,0.02910204081632653,0.1
55600,525441,865.0,636.0,932.19,696.42,2728.0,0.02910204081632653,0.1
55700,526409,1535.0,879.0,959.0,704.69,2728.0,0.02910204081632653,0.1
55800,527384,1338.0,1084.0,971.64,724.58,2728.0,0.02910204081632653,0.1
55900,528316,1342.0,1020.0,968.26,732.24,2728.0,0.02910204081632653,0.1
56000,529307,1080.0,988.0,979.71,741.86,2728.0,0.028938775510204084,0.1
56100,530303,1217.0,785.0,1040.26,773.03,2728.0,0.028938775510204084,0.1
56200,531321,1147.0,815.0,944.77,708.96,2728.0,0.028938775510204084,0.1
56300,532335,1264.0,1040.0,965.9,727.81,2728.0,0.028938775510204084,0.1
56400,533290,890.0,576.0,1037.68,753.62,2728.0,0.028775510204081634,0.1
56500,534241,1240.0,896.0,969.52,721.71,2728.0,0.028775510204081634,0.1
56600,535219,1529.0,1505.0,976.43,731.1,2728.0,0.028775510204081634,0.1
56700,536195,952.0,652.0,962.97,707.66,2728.0,0.028775510204081634,0.1
56800,537175,436.0,304.0,1019.66,758.95,2728.0,0.028612244897959188,0.1
56900,538135,491.0,491.0,938.86,686.39,2728.0,0.028612244897959188,0.1
57000,539073,1252.0,744.0,964.89,754.49,2728.0,0.028612244897959188,0.1
57100,540026,660.0,660.0,924.79,707.49,2728.0,0.028612244897959188,0.1
57200,541000,708.0,568.0,971.37,703.52,2728.0,0.028448979591836735,0.1
57300,541986,1428.0,868.0,955.19,705.14,2728.0,0.028448979591836735,0.1
57400,543034,382.0,359.0,975.37,723.03,2728.0,0.028448979591836735,0.1
57500,544011,779.0,575.0,947.14,698.4,2728.0,0.028448979591836735,0.1
57600,544968,826.0,726.0,1015.13,763.65,2728.0,0.02828571428571429,0.1
57700,545938,774.0,592.0,954.01,723.0,2728.0,0.02828571428571429,0.1
57800,546936,1179.0,772.0,982.44,720.77,2728.0,0.02828571428571429,0.1
57900,547934,1138.0,872.0,989.1,751.97,2728.0,0.02828571428571429,0.1
58000,548913,315.0,299.0,906.35,687.14,2728.0,0.02812244897959184,0.1
58100,549837,913.0,539.0,1017.79,743.7,2728.0,0.02812244897959184,0.1
58200,550799,1816.0,1128.0,1013.16,759.75,2728.0,0.02812244897959184,0.1
58300,551721,1199.0,823.0,1020.13,753.91,2728.0,0.02812244897959184,0.1
58400,552681,480.0,480.0,978.71,733.94,2728.0,0.02812244897959184,0.1
58500,553626,1096.0,796.0,1035.64,785.01,2728.0,0.027959183673469393,0.1
58600,554574,900.0,787.0,974.24,702.32,2728.0,0.027959183673469393,0.1
58700,555531,772.0,508.0,991.04,736.59,2728.0,0.027959183673469393,0.1
58800,556511,670.0,507.0,992.53,729.77,2728.0,0.027959183673469393,0.1
58900,557533,496.0,436.0,1047.99,754.26,2728.0,0.02779591836734694,0.1
59000,558585,1596.0,1196.0,1011.83,760.7,2728.0,0.02779591836734694,0.1
59100,559614,856.0,536.0,995.94,750.19,2728.0,0.02779591836734694,0.1
59200,560626,821.0,620.0,997.55,739.3,2728.0,0.02779591836734694,0.1
59300,561649,723.0,546.0,941.16,698.66,2728.0,0.02763265306122449,0.1
59400,562624,712.0,600.0,977.11,738.62,2728.0,0.02763265306122449,0.1
59500,563632,771.0,664.0,999.39,742.22,2728.0,0.02763265306122449,0.1
59600,564641,640.0,640.0,978.54,720.43,2728.0,0.02763265306122449,0.1
59700,565645,920.0,612.0,957.49,705.68,2728.0,0.027469387755102045,0.1
59800,566707,946.0,631.0,1095.25,791.45,2728.0,0.027469387755102045,0.1
59900,567760,799.0,636.0,953.41,711.59,2728.0,0.027469387755102045,0.1
60000,568831,1203.0,863.0,945.43,698.81,2728.0,0.027469387755102045,0.1
60100,569867,952.0,536.0,950.49,712.09,2728.0,0.02730612244897959,0.1
60200,571035,948.0,556.0,972.05,722.72,2728.0,0.02730612244897959,0.1
60300,572117,498.0,460.0,951.64,704.08,2728.0,0.02730612244897959,0.1
60400,573244,872.0,704.0,995.22,742.16,2728.0,0.02730612244897959,0.1
60500,574353,1439.0,1056.0,1025.25,749.95,2728.0,0.027142857142857146,0.1
60600,575404,1364.0,792.0,1013.05,755.75,2728.0,0.027142857142857146,0.1
60700,576473,1355.0,871.0,884.56,678.1,2728.0,0.027142857142857146,0.1
60800,577565,988.0,696.0,967.58,722.57,2728.0,0.026979591836734696,0.1
60900,578620,791.0,684.0,1003.81,738.5,2728.0,0.026979591836734696,0.1
61000,579667,1542.0,948.0,949.91,708.04,2728.0,0.026979591836734696,0.1
61100,580728,1192.0,1024.0,977.57,732.68,2728.0,0.026979591836734696,0.1
61200,581743,699.0,587.0,938.39,707.26,2728.0,0.02681632653061225,0.1
61300,582778,1578.0,1086.0,1010.85,733.02,2728.0,0.02681632653061225,0.1
61400,583783,3168.0,1720.0,978.09,725.8,2728.0,0.02681632653061225,0.1
61500,584785,779.0,451.0,849.86,653.76,2728.0,0.02681632653061225,0.1
61600,585806,1315.0,971.0,975.65,718.76,2728.0,0.026653061224489797,0.1
61700,586877,732.0,584.0,976.29,727.26,2728.0,0.026653061224489797,0.1
61800,587927,852.0,580.0,901.93,690.12,2728.0,0.026653061224489797,0.1
61900,589015,1355.0,783.0,875.26,660.04,2728.0,0.026653061224489797,0.1
62000,590187,615.0,460.0,982.14,730.07,2728.0,0.026489795918367347,0.1
62100,591322,1672.0,1112.0,963.28,716.69,2728.0,0.026489795918367347,0.1
62200,592348,803.0,531.0,982.37,710.01,2728.0,0.026489795918367347,0.1
62300,593467,1131.0,863.0,933.85,689.7,2728.0,0.026489795918367347,0.1
62400,594524,1727.0,1188.0,966.84,714.29,2728.0,0.0263265306122449,0.1
62500,595526,1056.0,629.0,964.09,695.0,2728.0,0.0263265306122449,0.1
62600,596526,1916.0,1336.0,985.26,722.24,2728.0,0.0263265306122449,0.1
62700,597530,952.0,908.0,890.55,668.28,2728.0,0.0263265306122449,0.1
62800,598488,1212.0,860.0,975.36,727.28,2728.0,0.02616326530612245,0.1
62900,599422,920.0,596.0,948.77,715.98,2728.0,0.02616326530612245,0.1
63000,600439,899.0,703.0,987.67,722.54,2728.0,0.02616326530612245,0.1
63100,601432,1104.0,856.0,1005.12,739.55,2728.0,0.02616326530612245,0.1
63200,602442,1018.0,696.0,998.55,739.03,2728.0,0.026000000000000002,0.1
63300,603469,725.0,583.0,892.86,682.8,2728.0,0.026000000000000002,0.1
63400,604450,1024.0,636.0,1036.09,735.7,2728.0,0.026000000000000002,0.1
63500,605472,819.0,527.0,1037.11,760.57,2728.0,0.026000000000000002,0.1
63600,606462,1944.0,1248.0,970.77,724.01,2728.0,0.025836734693877553,0.1
63700,607449,1205.0,883.0,942.0,693.15,2728.0,0.025836734693877553,0.1
63800,608506,560.0,456.0,938.95,703.38,2728.0,0.025836734693877553,0.1
63900,609542,1679.0,1121.0,930.71,699.35,2728.0,0.025836734693877553,0.1
64000,610524,839.0,539.0,911.34,683.08,2728.0,0.025673469387755107,0.1
64100,611529,1446.0,1028.0,979.45,721.51,2728.0,0.025673469387755107,0.1
64200,612508,396.0,324.0,956.51,715.25,2728.0,0.025673469387755107,0.1
64300,613474,988.0,908.0,997.75,732.69,2728.0,0.025673469387755107,0.1
64400,614428,902.0,584.0,938.5,705.61,2728.0,0.025510204081632654,0.1
64500,615393,826.0,564.0,942.99,692.5,2728.0,0.025510204081632654,0.1
64600,616334,1061.0,813.0,984.71,730.23,2728.0,0.025510204081632654,0.1
64700,617296,448.0,448.0,926.55,697.4,2728.0,0.025510204081632654,0.1
64800,618274,1125.0,849.0,993.76,716.46,2728.0,0.025510204081632654,0.1
64900,619324,1269.0,1007.0,993.83,726.37,2728.0,0.025346938775510208,0.1
65000,620399,416.0,364.0,921.6,697.12,2728.0,0.025346938775510208,0.1
65100,621453,1075.0,703.0,954.67,713.2,2728.0,0.025346938775510208,0.1
65200,622414,1064.0,728.0,942.15,715.38,2728.0,0.025346938775510208,0.1
65300,623388,287.0,259.0,919.63,688.3,2728.0,0.025183673469387758,0.1
65400,624343,912.0,700.0,911.62,661.34,2728.0,0.025183673469387758,0.1
65500,625308,343.0,339.0,978.21,723.56,2728.0,0.025183673469387758,0.1
65600,626270,766.0,611.0,970.52,716.95,2728.0,0.025183673469387758,0.1
65700,627258,1414.0,816.0,950.33,725.41,2728.0,0.025020408163265305,0.1
65800,628169,826.0,758.0,951.22,708.24,2728.0,0.025020408163265305,0.1
65900,629116,1212.0,908.0,985.65,729.06,2728.0,0.025020408163265305,0.1
66000,630068,732.0,520.0,958.69,705.37,2728.0,0.025020408163265305,0.1
66100,631034,1083.0,779.0,945.31,719.2,2728.0,0.02485714285714286,0.1
66200,631977,564.0,520.0,936.04,690.31,2728.0,0.02485714285714286,0.1
66300,632942,525.0,458.0,900.01,670.4,2728.0,0.02485714285714286,0.1
66400,633919,468.0,412.0,891.55,668.66,2728.0,0.02485714285714286,0.1
66500,634896,376.0,372.0,964.06,716.58,2728.0,0.02469387755102041,0.1
66600,635834,1518.0,908.0,923.44,675.12,2728.0,0.02469387755102041,0.1
66700,636747,870.0,584.0,910.7,674.89,2728.0,0.02469387755102041,0.1
66800,637677,1173.0,841.0,962.96,698.91,2728.0,0.02469387755102041,0.1
66900,638591,1364.0,844.0,1018.56,726.9,2728.0,0.02469387755102041,0.1
67000,639516,1112.0,984.0,987.29,742.96,2728.0,0.024530612244897963,0.1
67100,640479,914.0,756.0,930.32,678.61,2728.0,0.024530612244897963,0.1
67200,641437,928.0,880.0,933.64,721.11,2728.0,0.024530612244897963,0.1
67300,642497,1004.0,811.0,949.41,702.51,2728.0,0.024530612244897963,0.1
67400,643486,1289.0,941.0,1015.5,735.6,2728.0,0.02436734693877551,0.1
67500,644444,1137.0,811.0,892.41,673.87,2728.0,0.02436734693877551,0.1
67600,645409,696.0,660.0,966.15,720.81,2728.0,0.02436734693877551,0.1
67700,646385,773.0,611.0,946.46,700.39,2728.0,0.02436734693877551,0.1
67800,647355,1360.0,1072.0,933.51,703.87,2728.0,0.024204081632653064,0.1
67900,648341,1408.0,844.0,916.94,679.93,2728.0,0.024204081632653064,0.1
68000,649369,1526.0,956.0,951.38,716.3,2728.0,0.024204081632653064,0.1
68100,650459,770.0,693.0,978.35,724.99,2728.0,0.024204081632653064,0.1
68200,651499,947.0,619.0,951.98,700.66,2728.0,0.024040816326530615,0.1
68300,652462,524.0,500.0,970.33,719.62,2728.0,0.024040816326530615,0.1
68400,653447,1240.0,996.0,997.44,757.26,2728.0,0.024040816326530615,0.1
68500,654463,839.0,552.0,927.21,700.63,2728.0,0.024040816326530615,0.1
68600,655429,1492.0,1044.0,1038.18,748.95,2728.0,0.02387755102040817,0.1
68700,656397,980.0,716.0,988.37,730.81,2728.0,0.02387755102040817,0.1
68800,657354,656.0,536.0,948.78,704.66,2728.0,0.02387755102040817,0.1
68900,658319,901.0,768.0,958.61,717.2,2728.0,0.02387755102040817,0.1
69000,659289,1198.0,781.0,980.57,725.62,2728.0,0.02387755102040817,0.1
69100,660344,733.0,536.0,942.01,692.67,2728.0,0.023714285714285716,0.1
69200,661343,649.0,496.0,977.4,725.75,2728.0,0.023714285714285716,0.1
69300,662296,904.0,688.0,950.77,695.85,2728.0,0.023714285714285716,0.1
69400,663358,644.0,548.0,958.03,714.7,2728.0,0.023714285714285716,0.1
69500,664363,431.0,335.0,941.23,710.63,2728.0,0.023551020408163266,0.1
69600,665357,732.0,652.0,940.53,698.63,2728.0,0.023551020408163266,0.1
69700,666344,783.0,531.0,1007.81,729.94,2728.0,0.023551020408163266,0.1
69800,667328,423.0,343.0,859.08,654.04,2728.0,0.023551020408163266,0.1
69900,668340,856.0,792.0,979.74,735.63,2728.0,0.02338775510204082,0.1
70000,669350,792.0,724.0,984.24,720.29,2728.0,0.02338775510204082,0.1
70100,670338,1238.0,804.0,976.12,737.09,2728.0,0.02338775510204082,0.1
70200,671395,744.0,572.0,893.63,679.74,2728.0,0.02338775510204082,0.1
70300,672388,588.0,496.0,890.4,673.47,2728.0,0.023224489795918367,0.1
70400,673312,1074.0,787.0,987.17,742.79,2728.0,0.023224489795918367,0.1
70500,674230,744.0,632.0,979.9,721.23,2728.0,0.023224489795918367,0.1
70600,675156,1278.0,916.0,963.45,703.42,2728.0,0.023224489795918367,0.1
70700,676081,772.0,504.0,891.74,668.8,2728.0,0.02306122448979592,0.1
70800,676980,1307.0,843.0,972.27,738.12,2728.0,0.02306122448979592,0.1
70900,677900,323.0,247.0,918.04,679.09,2728.0,0.02306122448979592,0.1
71000,678832,1190.0,1024.0,932.51,692.04,2728.0,0.02306122448979592,0.1
71100,679748,1084.0,816.0,1001.18,745.43,2728.0,0.02306122448979592,0.1
71200,680658,496.0,392.0,975.81,721.57,2728.0,0.02289795918367347,0.1
71300,681540,932.0,616.0,947.1,709.79,2728.0,0.02289795918367347,0.1
71400,682457,436.0,424.0,1024.37,742.04,2728.0,0.02289795918367347,0.1
71500,683371,1208.0,884.0,887.34,684.33,2728.0,0.02289795918367347,0.1
71600,684322,400.0,400.0,921.85,701.77,2728.0,0.022734693877551025,0.1
71700,685246,728.0,484.0,938.78,705.92,2728.0,0.022734693877551025,0.1
71800,686182,876.0,776.0,1031.76,755.32,2728.0,0.022734693877551025,0.1
71900,687094,1180.0,888.0,903.33,686.26,2728.0,0.022734693877551025,0.1
72000,688073,805.0,619.0,937.89,691.88,2728.0,0.022734693877551025,0.1
72100,689062,1216.0,825.0,983.97,731.83,2728.0,0.022571428571428572,0.1
72200,690019,968.0,664.0,962.6,706.96,2728.0,0.022571428571428572,0.1
72300,690937,423.0,363.0,939.36,699.33,2728.0,0.022571428571428572,0.1
72400,691896,916.0,632.0,916.67,686.49,2728.0,0.022571428571428572,0.1
72500,692923,881.0,720.0,981.08,740.76,2728.0,0.022408163265306123,0.1
72600,693875,943.0,776.0,980.05,730.08,2728.0,0.022408163265306123,0.1
72700,694880,1532.0,940.0,993.31,731.85,2728.0,0.022408163265306123,0.1
72800,695904,1172.0,804.0,991.75,762.68,2728.0,0.022408163265306123,0.1
72900,696904,688.0,660.0,910.18,659.57,2728.0,0.022244897959183677,0.1
73000,697914,640.0,624.0,893.93,683.9,2728.0,0.022244897959183677,0.1
73100,698968,1176.0,736.0,939.84,708.81,2728.0,0.022244897959183677,0.1
73200,699956,423.0,415.0,980.91,719.23,2728.0,0.022244897959183677,0.1
73300,701038,566.0,396.0,996.95,734.7,2728.0,0.022081632653061223,0.1
73400,702087,732.0,732.0,1010.64,736.75,2728.0,0.022081632653061223,0.1
73500,703150,2049.0,1733.0,915.17,682.72,2728.0,0.022081632653061223,0.1
73600,704242,1422.0,1052.0,963.97,723.65,2728.0,0.022081632653061223,0.1
73700,705255,1222.0,980.0,1004.55,725.29,2728.0,0.021918367346938777,0.1
73800,706248,1270.0,948.0,964.06,719.77,2728.0,0.021918367346938777,0.1
73900,707234,1426.0,802.0,963.06,719.84,2728.0,0.021918367346938777,0.1
74000,708255,1846.0,1323.0,1010.35,740.31,2728.0,0.021918367346938777,0.1
74100,709247,931.0,596.0,1002.35,729.82,2728.0,0.021755102040816328,0.1
74200,710333,1256.0,832.0,917.24,694.12,2728.0,0.021755102040816328,0.1
74300,711319,1322.0,836.0,968.2,717.28,2728.0,0.021755102040816328,0.1
74400,712302,892.0,706.0,1031.06,748.77,2728.0,0.021755102040816328,0.1
74500,713345,877.0,500.0,982.18,717.82,2728.0,0.021591836734693882,0.1
74600,714380,504.0,464.0,979.0,741.52,2728.0,0.021591836734693882,0.1
74700,715349,852.0,504.0,920.82,694.21,2728.0,0.021591836734693882,0.1
74800,716372,1640.0,1412.0,979.88,724.69,2728.0,0.021591836734693882,0.1
74900,717398,664.0,632.0,957.67,704.41,2728.0,0.02142857142857143,0.1
75000,718412,880.0,792.0,967.01,711.09,2728.0,0.02142857142857143,0.1
75100,719430,655.0,619.0,987.32,741.4,2728.0,0.02142857142857143,0.1
75200,720557,1035.0,791.0,994.01,723.8,2728.0,0.02142857142857143,0.1
75300,721522,952.0,696.0,909.18,665.13,2728.0,0.021265306122448983,0.1
75400,722485,684.0,616.0,985.72,721.41,2728.0,0.021265306122448983,0.1
75500,723509,1424.0,896.0,925.48,703.41,2728.0,0.021265306122448983,0.1
75600,724509,668.0,588.0,949.06,689.22,2728.0,0.021265306122448983,0.1
75700,725515,1741.0,1097.0,933.55,697.09,2728.0,0.021102040816326533,0.1
75800,726582,352.0,316.0,907.13,678.23,2728.0,0.021102040816326533,0.1
75900,727649,1311.0,1108.0,937.47,704.1,2728.0,0.021102040816326533,0.1
76000,728610,384.0,372.0,925.59,690.48,2728.0,0.021102040816326533,0.1
76100,729620,1044.0,656.0,951.25,706.56,2728.0,0.02093877551020408,0.1
76200,730669,540.0,444.0,943.03,677.93,2728.0,0.02093877551020408,0.1
76300,731678,1180.0,892.0,1006.61,720.71,2728.0,0.02093877551020408,0.1
76400,732689,611.0,551.0,934.12,703.67,2728.0,0.02093877551020408,0.1
76500,733680,1264.0,1176.0,1031.87,759.16,2728.0,0.020775510204081634,0.1
76600,734715,1116.0,832.0,982.27,714.25,2728.0,0.020775510204081634,0.1
76700,735742,956.0,668.0,1006.04,741.93,2728.0,0.020775510204081634,0.1
76800,736782,980.0,836.0,950.7,712.16,2728.0,0.020775510204081634,0.1
76900,737846,839.0,640.0,935.16,705.99,2728.0,0.020612244897959184,0.1
77000,738939,704.0,508.0,986.43,733.81,2728.0,0.020612244897959184,0.1
77100,739989,1060.0,664.0,983.56,737.39,2728.0,0.020612244897959184,0.1
77200,740986,463.0,411.0,911.19,678.09,2728.0,0.020612244897959184,0.1
77300,742050,544.0,472.0,902.51,682.97,2728.0,0.02044897959183674,0.1
77400,743029,1050.0,711.0,940.74,705.41,2728.0,0.02044897959183674,0.1
77500,744069,628.0,506.0,915.37,683.98,2728.0,0.02044897959183674,0.1
77600,745078,982.0,716.0,947.74,701.21,2728.0,0.02044897959183674,0.1
77700,746144,1224.0,920.0,899.77,670.57,2728.0,0.020285714285714285,0.1
77800,747437,1508.0,1212.0,952.55,722.87,2728.0,0.020285714285714285,0.1
77900,748542,1008.0,936.0,988.65,722.86,2728.0,0.020285714285714285,0.1
78000,749758,876.0,648.0,938.28,705.05,2728.0,0.02012244897959184,0.1
78100,750852,1232.0,948.0,930.0,696.85,2728.0,0.02012244897959184,0.1
78200,751946,904.0,588.0,955.47,699.93,2728.0,0.02012244897959184,0.1
78300,753090,1048.0,728.0,935.46,706.67,2728.0,0.02012244897959184,0.1
78400,754115,1236.0,1032.0,999.38,732.92,2728.0,0.01995918367346939,0.1
78500,755162,1182.0,996.0,983.9,732.78,2728.0,0.01995918367346939,0.1
78600,756199,2160.0,1528.0,962.94,735.67,2728.0,0.01995918367346939,0.1
78700,757190,535.0,379.0,898.66,670.43,2728.0,0.01995918367346939,0.1
78800,758279,428.0,396.0,985.76,727.7,2728.0,0.019795918367346944,0.1
78900,759302,708.0,476.0,895.01,672.42,2728.0,0.019795918367346944,0.1
79000,760357,916.0,608.0,989.71,725.77,2728.0,0.019795918367346944,0.1
79100,761488,1476.0,1160.0,908.02,701.74,2728.0,0.019795918367346944,0.1
79200,762503,806.0,699.0,961.3,723.4,2728.0,0.01963265306122449,0.1
79300,763533,1767.0,1092.0,918.76,692.54,2728.0,0.01963265306122449,0.1
79400,764563,1460.0,988.0,900.53,700.32,2728.0,0.01963265306122449,0.1
79500,765539,611.0,579.0,936.5,708.33,2728.0,0.01963265306122449,0.1
79600,766553,880.0,584.0,910.17,677.41,2728.0,0.01946938775510204,0.1
79700,767531,867.0,767.0,970.1,725.3,2728.0,0.01946938775510204,0.1
79800,768601,724.0,620.0,912.26,684.77,2728.0,0.01946938775510204,0.1
79900,769568,448.0,448.0,1044.62,755.3,2728.0,0.01946938775510204,0.1
80000,770600,1420.0,884.0,888.47,669.16,2728.0,0.019306122448979595,0.1
80100,771635,771.0,644.0,911.25,682.16,2728.0,0.019306122448979595,0.1
80200,772706,1069.0,944.0,958.79,718.1,2728.0,0.019306122448979595,0.1
80300,773714,968.0,744.0,888.26,673.26,2728.0,0.019306122448979595,0.1
80400,774737,663.0,400.0,945.47,686.07,2728.0,0.019142857142857142,0.1
80500,775855,571.0,491.0,993.37,731.14,2728.0,0.019142857142857142,0.1
80600,776856,883.0,599.0,944.99,698.92,2728.0,0.019142857142857142,0.1
80700,777893,1064.0,792.0,956.3,706.39,2728.0,0.019142857142857142,0.1
80800,778934,782.0,710.0,901.08,680.77,2728.0,0.018979591836734696,0.1
80900,779968,492.0,468.0,943.74,708.23,2728.0,0.018979591836734696,0.1
81000,780945,772.0,516.0,946.54,707.77,2728.0,0.018979591836734696,0.1
81100,782009,615.0,531.0,937.38,686.42,2728.0,0.018979591836734696,0.1
81200,782993,1128.0,900.0,970.73,712.37,2728.0,0.018816326530612246,0.1
81300,783982,718.0,637.0,980.53,733.19,2728.0,0.018816326530612246,0.1
81400,785029,928.0,624.0,946.77,708.4,2728.0,0.018816326530612246,0.1
81500,786025,636.0,568.0,971.47,710.65,2728.0,0.018816326530612246,0.1
81600,787066,1120.0,896.0,894.97,661.73,2728.0,0.0186530612244898,0.1
81700,788037,1524.0,932.0,996.89,715.06,2728.0,0.0186530612244898,0.1
81800,789044,416.0,416.0,952.43,705.86,2728.0,0.0186530612244898,0.1
81900,790059,584.0,568.0,967.18,722.56,2728.0,0.0186530612244898,0.1
82000,791140,488.0,408.0,869.42,647.62,2728.0,0.01848979591836735,0.1
82100,792212,464.0,368.0,923.35,712.61,2728.0,0.01848979591836735,0.1
82200,793288,995.0,751.0,955.99,721.63,2728.0,0.01848979591836735,0.1
82300,794402,952.0,944.0,902.5,683.12,2728.0,0.01848979591836735,0.1
82400,795471,470.0,384.0,945.51,699.82,2728.0,0.0183265306122449,0.1
82500,796739,1524.0,932.0,909.73,686.5,2728.0,0.0183265306122449,0.1
82600,797735,1123.0,670.0,955.66,695.4,2728.0,0.0183265306122449,0.1
82700,798827,1111.0,675.0,982.23,726.98,2728.0,0.01816326530612245,0.1
82800,799790,796.0,564.0,955.71,723.28,2728.0,0.01816326530612245,0.1
82900,800832,1015.0,767.0,932.7,697.34,2728.0,0.01816326530612245,0.1
83000,801894,624.0,560.0,1003.45,752.09,2728.0,0.01816326530612245,0.1
83100,802938,480.0,436.0,932.56,705.99,2728.0,0.018000000000000002,0.1
83200,803975,1200.0,812.0,918.77,685.44,2728.0,0.018000000000000002,0.1
83300,804975,1024.0,732.0,1059.28,786.42,2728.0,0.018000000000000002,0.1
83400,805962,1171.0,547.0,930.22,680.1,2728.0,0.018000000000000002,0.1
83500,807026,470.0,372.0,941.51,709.14,2728.0,0.017836734693877553,0.1
83600,808090,651.0,559.0,930.95,708.97,2728.0,0.017836734693877553,0.1
83700,809095,918.0,791.0,960.56,719.68,2728.0,0.017836734693877553,0.1
83800,810099,1068.0,728.0,997.89,739.54,2728.0,0.017836734693877553,0.1
83900,811151,459.0,335.0,978.85,732.05,2728.0,0.017673469387755103,0.1
84000,812174,1174.0,810.0,934.59,708.61,2728.0,0.017673469387755103,0.1
84100,813232,1206.0,884.0,923.51,702.46,2728.0,0.017673469387755103,0.1
84200,814275,800.0,796.0,1011.85,727.54,2728.0,0.017673469387755103,0.1
84300,815312,1047.0,763.0,937.34,695.04,2728.0,0.017510204081632653,0.1
84400,816339,1168.0,892.0,973.98,706.46,2728.0,0.017510204081632653,0.1
84500,817385,964.0,684.0,900.24,670.68,2728.0,0.017510204081632653,0.1
84600,818425,1018.0,664.0,972.0,727.5,2728.0,0.017510204081632653,0.1
84700,819493,1084.0,696.0,967.48,702.49,2728.0,0.017346938775510204,0.1
84800,820564,1032.0,744.0,927.78,695.21,2728.0,0.017346938775510204,0.1
84900,821607,751.0,451.0,940.54,690.31,2728.0,0.017346938775510204,0.1
85000,822632,1624.0,1268.0,944.43,698.18,2728.0,0.017346938775510204,0.1
85100,823651,968.0,856.0,934.1,687.41,2728.0,0.01718367346938776,0.1
85200,824638,948.0,900.0,892.29,680.94,2728.0,0.01718367346938776,0.1
85300,825583,926.0,547.0,1025.05,736.55,2728.0,0.01718367346938776,0.1
85400,826564,1299.0,759.0,974.03,713.4,2728.0,0.01718367346938776,0.1
85500,827550,830.0,508.0,901.56,672.48,2728.0,0.017020408163265305,0.1
85600,828576,404.0,312.0,1007.01,728.47,2728.0,0.017020408163265305,0.1
85700,829543,1680.0,1092.0,958.27,724.9,2728.0,0.017020408163265305,0.1
85800,830476,1068.0,840.0,917.86,680.0,2728.0,0.017020408163265305,0.1
85900,831433,945.0,885.0,965.53,714.55,2728.0,0.017020408163265305,0.1
86000,832403,1409.0,1097.0,961.71,717.36,2728.0,0.016857142857142855,0.1
86100,833387,888.0,508.0,954.5,700.31,2728.0,0.016857142857142855,0.1
86200,834317,1184.0,924.0,899.01,677.23,2728.0,0.016857142857142855,0.1
86300,835347,1098.0,795.0,922.44,688.07,2728.0,0.016857142857142855,0.1
86400,836278,1100.0,816.0,888.39,666.41,2728.0,0.016693877551020413,0.1
86500,837284,854.0,532.0,917.83,681.61,2728.0,0.016693877551020413,0.1
86600,838268,870.0,564.0,947.76,693.48,2728.0,0.016693877551020413,0.1
86700,839231,659.0,615.0,934.3,690.35,2728.0,0.016693877551020413,0.1
86800,840145,816.0,548.0,973.06,699.9,2728.0,0.016530612244897956,0.1
86900,841073,2664.0,1428.0,962.15,691.18,2728.0,0.016530612244897956,0.1
87000,841980,692.0,604.0,961.71,705.68,2728.0,0.016530612244897956,0.1
87100,842890,703.0,443.0,974.47,725.11,2728.0,0.016530612244897956,0.1
87200,843785,460.0,368.0,953.79,695.02,2728.0,0.016367346938775514,0.1
87300,844738,1339.0,924.0,952.62,712.54,2728.0,0.016367346938775514,0.1
87400,845657,1019.0,572.0,919.67,671.02,2728.0,0.016367346938775514,0.1
87500,846603,712.0,488.0,951.08,705.19,2728.0,0.016367346938775514,0.1
87600,847579,1300.0,1060.0,997.77,746.48,2728.0,0.016367346938775514,0.1
87700,848512,1252.0,772.0,968.8,709.22,2728.0,0.016204081632653064,0.1
87800,849427,924.0,660.0,849.24,638.29,2728.0,0.016204081632653064,0.1
87900,850348,620.0,568.0,982.68,743.56,2728.0,0.016204081632653064,0.1
88000,851247,387.0,303.0,960.21,706.61,2728.0,0.016204081632653064,0.1
88100,852220,640.0,584.0,893.51,669.74,2728.0,0.016040816326530614,0.1
88200,853158,1151.0,776.0,868.85,652.14,2728.0,0.016040816326530614,0.1
88300,854089,1280.0,652.0,973.05,700.37,2728.0,0.016040816326530614,0.1
88400,855017,525.0,495.0,988.43,720.51,2728.0,0.016040816326530614,0.1
88500,855971,1212.0,976.0,954.87,688.01,2728.0,0.016040816326530614,0.1
88600,856885,674.0,559.0,1014.08,730.2,2728.0,0.015877551020408165,0.1
88700,857830,2640.0,1480.0,1021.11,767.69,2728.0,0.015877551020408165,0.1
88800,858758,1128.0,875.0,934.13,680.75,2728.0,0.015877551020408165,0.1
88900,859710,1071.0,775.0,912.91,684.67,2728.0,0.015877551020408165,0.1
89000,860653,911.0,840.0,946.7,721.01,2728.0,0.015714285714285715,0.1
89100,861625,496.0,460.0,903.78,661.4,2728.0,0.015714285714285715,0.1
89200,862582,286.0,286.0,950.03,703.67,2728.0,0.015714285714285715,0.1
89300,863535,632.0,460.0,975.67,711.44,2728.0,0.015714285714285715,0.1
89400,864485,1416.0,992.0,906.61,658.29,2728.0,0.015551020408163266,0.1
89500,865477,311.0,243.0,913.93,671.69,2728.0,0.015551020408163266,0.1
89600,866439,1052.0,788.0,974.88,721.89,2728.0,0.015551020408163266,0.1
89700,867378,1288.0,940.0,952.17,713.02,2728.0,0.015551020408163266,0.1
89800,868329,969.0,845.0,879.1,662.95,2728.0,0.015551020408163266,0.1
89900,869290,483.0,407.0,928.11,700.87,2728.0,0.015387755102040816,0.1
90000,870220,708.0,572.0,929.76,677.31,2728.0,0.015387755102040816,0.1
90100,871164,1288.0,752.0,979.92,729.04,2728.0,0.015387755102040816,0.1
90200,872093,1056.0,836.0,973.14,709.61,2728.0,0.015387755102040816,0.1
90300,873118,848.0,732.0,968.01,705.92,2728.0,0.015224489795918367,0.1
90400,874176,343.0,323.0,973.74,718.98,2728.0,0.015224489795918367,0.1
90500,875158,672.0,556.0,1004.05,745.55,2728.0,0.015224489795918367,0.1
90600,876134,1076.0,1076.0,944.49,687.12,2728.0,0.015224489795918367,0.1
90700,877124,823.0,799.0,952.99,710.87,2728.0,0.015061224489795917,0.1
90800,878102,1146.0,1040.0,930.54,681.58,2728.0,0.015061224489795917,0.1
90900,879131,1587.0,1024.0,941.41,708.36,2728.0,0.015061224489795917,0.1
91000,880074,979.0,651.0,906.79,668.21,2728.0,0.015061224489795917,0.1
91100,881008,492.0,492.0,1019.48,740.01,2728.0,0.014897959183673475,0.1
91200,881973,1171.0,740.0,983.56,727.19,2728.0,0.014897959183673475,0.1
91300,882926,888.0,632.0,957.38,713.48,2728.0,0.014897959183673475,0.1
91400,883890,1784.0,1296.0,930.56,700.69,2728.0,0.014897959183673475,0.1
91500,884871,647.0,607.0,974.21,716.1,2728.0,0.014734693877551018,0.1
91600,885852,540.0,464.0,910.7,671.26,2728.0,0.014734693877551018,0.1
91700,886835,391.0,343.0,935.2,690.02,2728.0,0.014734693877551018,0.1
91800,887812,355.0,335.0,866.48,648.49,2728.0,0.014734693877551018,0.1
91900,888805,516.0,396.0,915.12,683.96,2728.0,0.014734693877551018,0.1
92000,889804,1048.0,788.0,959.89,714.67,2728.0,0.014571428571428575,0.1
92100,890803,514.0,428.0,943.42,690.39,2728.0,0.014571428571428575,0.1
92200,891836,360.0,336.0,950.66,688.69,2728.0,0.014571428571428575,0.1
92300,892904,776.0,496.0,883.41,691.13,2728.0,0.014571428571428575,0.1
92400,893878,707.0,483.0,946.87,695.06,2728.0,0.014408163265306126,0.1
92500,894938,735.0,687.0,861.72,645.9,2728.0,0.014408163265306126,0.1
92600,895942,623.0,567.0,962.22,706.09,2728.0,0.014408163265306126,0.1
92700,896962,1462.0,827.0,927.74,688.05,2728.0,0.014408163265306126,0.1
92800,897936,792.0,604.0,933.75,714.52,2728.0,0.014244897959183676,0.1
92900,899006,579.0,431.0,968.14,704.8,2728.0,0.014244897959183676,0.1
93000,900027,1215.0,704.0,959.65,707.1,2728.0,0.014244897959183676,0.1
93100,901015,1108.0,576.0,1001.95,737.82,2728.0,0.014244897959183676,0.1
93200,902021,828.0,576.0,988.25,721.46,2728.0,0.014081632653061227,0.1
93300,903028,1656.0,1076.0,918.56,678.73,2728.0,0.014081632653061227,0.1
93400,903994,1284.0,860.0,993.94,734.26,2728.0,0.014081632653061227,0.1
93500,904939,1001.0,659.0,923.93,683.06,2728.0,0.014081632653061227,0.1
93600,905919,1000.0,712.0,932.84,690.06,2728.0,0.013918367346938777,0.1
93700,906885,1015.0,771.0,850.89,639.18,2728.0,0.013918367346938777,0.1
93800,907845,1092.0,808.0,972.98,717.08,2728.0,0.013918367346938777,0.1
93900,908794,397.0,343.0,980.49,719.6,2728.0,0.013918367346938777,0.1
94000,909767,1541.0,1225.0,933.54,690.34,2728.0,0.013755102040816328,0.1
94100,910773,508.0,448.0,942.32,687.57,2728.0,0.013755102040816328,0.1
94200,911785,1000.0,708.0,940.75,676.2,2728.0,0.013755102040816328,0.1
94300,912777,1190.0,698.0,973.3,712.4,2728.0,0.013755102040816328,0.1
94400,913727,720.0,632.0,881.45,647.29,2728.0,0.013591836734693878,0.1
94500,914679,1077.0,751.0,909.29,674.57,2728.0,0.013591836734693878,0.1
94600,915592,1072.0,808.0,965.23,702.44,2728.0,0.013591836734693878,0.1
94700,916563,948.0,604.0,962.92,708.18,2728.0,0.013591836734693878,0.1
94800,917510,668.0,636.0,982.54,703.56,2728.0,0.013428571428571429,0.1
94900,918541,854.0,732.0,827.28,627.57,2728.0,0.013428571428571429,0.1
95000,919505,432.0,344.0,925.52,682.74,2728.0,0.013428571428571429,0.1
95100,920540,1011.0,839.0,899.81,662.98,2728.0,0.013428571428571429,0.1
95200,921537,888.0,832.0,985.75,704.49,2728.0,0.013428571428571429,0.1
95300,922548,764.0,500.0,930.23,680.04,2728.0,0.013265306122448979,0.1
95400,923535,1055.0,783.0,998.69,713.01,2728.0,0.013265306122448979,0.1
95500,924489,436.0,340.0,912.56,692.51,2728.0,0.013265306122448979,0.1
95600,925487,480.0,392.0,924.26,690.74,2728.0,0.013265306122448979,0.1
95700,926536,543.0,499.0,895.8,675.62,2728.0,0.013102040816326536,0.1
95800,927553,852.0,608.0,925.58,660.54,2728.0,0.013102040816326536,0.1
95900,928601,668.0,588.0,912.45,685.7,2728.0,0.013102040816326536,0.1
96000,929622,633.0,488.0,860.77,636.02,2728.0,0.013102040816326536,0.1
96100,930650,912.0,563.0,930.82,675.22,2728.0,0.01293877551020408,0.1
96200,931711,1780.0,1092.0,935.09,693.59,2728.0,0.01293877551020408,0.1
96300,932784,379.0,331.0,890.6,689.77,2728.0,0.01293877551020408,0.1
96400,933800,688.0,459.0,1030.89,740.54,2728.0,0.01293877551020408,0.1
96500,934896,568.0,436.0,1005.71,749.36,2728.0,0.012775510204081637,0.1
96600,936015,1435.0,1256.0,945.8,723.94,2728.0,0.012775510204081637,0.1
96700,937031,1210.0,1016.0,920.16,686.85,2728.0,0.012775510204081637,0.1
96800,938113,716.0,568.0,930.96,685.56,2728.0,0.012612244897959188,0.1
96900,939086,572.0,536.0,916.62,689.45,2728.0,0.012612244897959188,0.1
97000,940192,836.0,708.0,967.79,716.23,2728.0,0.012612244897959188,0.1
97100,941151,704.0,480.0,949.26,688.23,2728.0,0.012612244897959188,0.1
97200,942163,836.0,596.0,956.57,704.13,2728.0,0.012448979591836738,0.1
97300,943073,847.0,668.0,869.53,651.68,2728.0,0.012448979591836738,0.1
97400,944012,1121.0,795.0,913.25,694.25,2728.0,0.012448979591836738,0.1
97500,944946,1381.0,807.0,899.04,674.15,2728.0,0.012448979591836738,0.1
97600,945890,439.0,331.0,878.44,673.7,2728.0,0.012448979591836738,0.1
97700,946789,697.0,464.0,965.89,702.15,2728.0,0.012285714285714289,0.1
97800,947713,671.0,643.0,960.05,706.52,2728.0,0.012285714285714289,0.1
97900,948625,1151.0,827.0,933.47,692.16,2728.0,0.012285714285714289,0.1
98000,949549,2095.0,1407.0,1005.55,743.4,2728.0,0.012285714285714289,0.1
98100,950452,996.0,716.0,914.49,686.22,2728.0,0.01212244897959184,0.1
98200,951386,1030.0,1014.0,955.56,698.02,2728.0,0.01212244897959184,0.1
98300,952298,731.0,591.0,992.24,732.19,2728.0,0.01212244897959184,0.1
98400,953225,940.0,588.0,891.68,666.85,2728.0,0.01212244897959184,0.1
98500,954151,1136.0,708.0,1010.27,744.39,2728.0,0.01212244897959184,0.1
98600,955081,1144.0,888.0,903.41,670.29,2728.0,0.01195918367346939,0.1
98700,956034,628.0,472.0,939.51,691.12,2728.0,0.01195918367346939,0.1
98800,956972,444.0,428.0,931.95,683.07,2728.0,0.01195918367346939,0.1
98900,957907,436.0,404.0,941.59,677.04,2728.0,0.01195918367346939,0.1
99000,958817,4404.0,2412.0,941.08,689.78,2728.0,0.01179591836734694,0.1
99100,959765,395.0,335.0,954.97,686.32,2728.0,0.01179591836734694,0.1
99200,960733,1180.0,856.0,971.27,722.5,2728.0,0.01179591836734694,0.1
99300,961706,664.0,600.0,995.6,725.0,2728.0,0.01179591836734694,0.1
99400,962669,772.0,667.0,912.63,668.88,2728.0,0.01163265306122449,0.1
99500,963598,1127.0,743.0,965.89,711.78,2728.0,0.01163265306122449,0.1
99600,964567,997.0,812.0,862.03,654.23,2728.0,0.01163265306122449,0.1
99700,965494,892.0,592.0,887.72,675.05,2728.0,0.01163265306122449,0.1
99800,966429,1061.0,739.0,887.4,663.98,2728.0,0.01163265306122449,0.1
99900,967442,784.0,664.0,1040.99,750.84,2728.0,0.011469387755102041,0.1
100000,968432,775.0,740.0,972.04,738.81,2728.0,0.011469387755102041,0.1
100100,969455,762.0,496.0,910.14,687.76,2728.0,0.011469387755102041,0.1
100200,970442,1224.0,868.0,960.64,708.09,2728.0,0.011469387755102041,0.1
100300,971409,1704.0,1212.0,1044.35,728.81,2728.0,0.011306122448979591,0.1
100400,972403,760.0,652.0,866.11,656.82,2728.0,0.011306122448979591,0.1
100500,973439,1000.0,796.0,924.59,687.91,2728.0,0.011306122448979591,0.1
100600,974400,1212.0,784.0,1017.31,750.63,2728.0,0.011306122448979591,0.1
100700,975340,806.0,738.0,904.19,666.22,2728.0,0.011142857142857142,0.1
100800,976319,708.0,680.0,895.42,649.07,2728.0,0.011142857142857142,0.1
100900,977244,236.0,236.0,964.54,698.62,2728.0,0.011142857142857142,0.1
101000,978208,1194.0,1194.0,924.97,693.29,2728.0,0.011142857142857142,0.1
101100,979180,727.0,715.0,1019.15,748.37,2728.0,0.010979591836734692,0.1
101200,980104,1093.0,683.0,962.32,702.44,2728.0,0.010979591836734692,0.1
101300,981020,1216.0,912.0,949.08,696.71,2728.0,0.010979591836734692,0.1
101400,981967,416.0,392.0,968.68,709.56,2728.0,0.010979591836734692,0.1
101500,982942,1097.0,789.0,917.37,676.25,2728.0,0.010979591836734692,0.1
101600,983896,979.0,639.0,954.81,679.53,2728.0,0.01081632653061225,0.1
101700,984857,1532.0,1008.0,982.79,720.78,2728.0,0.01081632653061225,0.1
101800,985840,804.0,564.0,928.51,687.71,2728.0,0.01081632653061225,0.1
101900,986761,716.0,600.0,948.8,675.0,2728.0,0.01081632653061225,0.1
102000,987737,1680.0,1636.0,923.22,690.53,2728.0,0.0106530612244898,0.1
102100,988715,808.0,616.0,968.49,709.5,2728.0,0.0106530612244898,0.1
102200,989672,864.0,748.0,883.81,651.77,2728.0,0.0106530612244898,0.1
102300,990666,261.0,215.0,902.75,657.93,2728.0,0.0106530612244898,0.1
102400,991627,478.0,319.0,907.08,659.7,2728.0,0.01048979591836735,0.1
102500,992599,667.0,447.0,887.69,634.92,2728.0,0.01048979591836735,0.1
102600,993549,772.0,598.0,926.02,687.39,2728.0,0.01048979591836735,0.1
102700,994537,1607.0,1279.0,942.98,710.46,2728.0,0.01048979591836735,0.1
102800,995502,1074.0,748.0,954.6,709.66,2728.0,0.010326530612244901,0.1
102900,996467,479.0,479.0,890.39,651.16,2728.0,0.010326530612244901,0.1
103000,997428,1399.0,843.0,876.19,651.12,2728.0,0.010326530612244901,0.1
103100,998400,940.0,765.0,907.99,664.49,2728.0,0.010326530612244901,0.1
103200,999391,811.0,559.0,945.9,681.41,2728.0,0.010326530612244901,0.1
